Molecule_Name,connectivity_key,family_id,outer_fold,analog_unit_rank,tanimoto_to_anchor,unit_min_tanimoto_to_anchor,anchor_Molecule_Name,anchor_connectivity_key,anchor_isoform,anchor_rank,anchor_candidate_rank,anchor_direct_pIC50
OCNT-2313024,ZTZAJUSBKHCWHO,CYP1A2_R01_OCNT-2316568,0,1,0.45569620253164556,0.45569620253164556,OCNT-2316568,POWLBZQCDYJROV,CYP1A2,1,4,7.629790315
OCNT-2316676,DDYQMQHUOWCBKE,CYP1A2_R01_OCNT-2316568,0,2,0.4246575342465753,0.4246575342465753,OCNT-2316568,POWLBZQCDYJROV,CYP1A2,1,4,7.629790315
OCNT-0498026,DARGVYVMURXBSO,CYP1A2_R01_OCNT-2316568,0,3,0.4,0.4,OCNT-2316568,POWLBZQCDYJROV,CYP1A2,1,4,7.629790315
OCNT-2316070,JGORGCVKTVDGCF,CYP1A2_R01_OCNT-2316568,0,4,0.38666666666666666,0.38666666666666666,OCNT-2316568,POWLBZQCDYJROV,CYP1A2,1,4,7.629790315
OCNT-0463305,IRTXQAYLOPDKTB,CYP1A2_R01_OCNT-2316568,0,5,0.36363636363636365,0.36363636363636365,OCNT-2316568,POWLBZQCDYJROV,CYP1A2,1,4,7.629790315
OCNT-2314069,UHKRMQBELBBMBX,CYP1A2_R01_OCNT-2316568,0,6,0.3614457831325301,0.3614457831325301,OCNT-2316568,POWLBZQCDYJROV,CYP1A2,1,4,7.629790315
OCNT-2315633,YLBHRYSMLHYOBI,CYP1A2_R01_OCNT-2316568,0,7,0.35802469135802467,0.35802469135802467,OCNT-2316568,POWLBZQCDYJROV,CYP1A2,1,4,7.629790315
OCNT-2311532,WNVZWNWYYUTQII,CYP1A2_R01_OCNT-2316568,0,8,0.3561643835616438,0.3561643835616438,OCNT-2316568,POWLBZQCDYJROV,CYP1A2,1,4,7.629790315
OCNT-2310473,MTAKEIICAOLKFM,CYP1A2_R01_OCNT-2316568,0,9,0.3466666666666667,0.3466666666666667,OCNT-2316568,POWLBZQCDYJROV,CYP1A2,1,4,7.629790315
OCNT-2312921,ZIGNJPLWUJFGKO,CYP1A2_R01_OCNT-2316568,0,10,0.3466666666666667,0.3466666666666667,OCNT-2316568,POWLBZQCDYJROV,CYP1A2,1,4,7.629790315
OCNT-2312376,UIPHQHVWOXUIQY,CYP1A2_R06_OCNT-2312418,0,1,0.5396825396825397,0.5396825396825397,OCNT-2312418,PIKOQLVRUZGZGM,CYP1A2,6,32,6.818886595
OCNT-2312825,ZNXZZLAYPIECGS,CYP1A2_R06_OCNT-2312418,0,2,0.5396825396825397,0.5396825396825397,OCNT-2312418,PIKOQLVRUZGZGM,CYP1A2,6,32,6.818886595
OCNT-2308613,GEIMNQZCPAZKBE,CYP1A2_R06_OCNT-2312418,0,3,0.45714285714285713,0.45714285714285713,OCNT-2312418,PIKOQLVRUZGZGM,CYP1A2,6,32,6.818886595
OCNT-2313996,XMUSWZXWTNNACE,CYP1A2_R06_OCNT-2312418,0,4,0.44776119402985076,0.44776119402985076,OCNT-2312418,PIKOQLVRUZGZGM,CYP1A2,6,32,6.818886595
OCNT-0462986,LGCWDIWVCFEGNE,CYP1A2_R06_OCNT-2312418,0,5,0.4430379746835443,0.4430379746835443,OCNT-2312418,PIKOQLVRUZGZGM,CYP1A2,6,32,6.818886595
OCNT-0462966,DFWIPWJPABZTDS,CYP1A2_R06_OCNT-2312418,0,6,0.4342105263157895,0.4342105263157895,OCNT-2312418,PIKOQLVRUZGZGM,CYP1A2,6,32,6.818886595
OCNT-0462992,QWMKMECKGSJZTI,CYP1A2_R06_OCNT-2312418,0,7,0.425,0.425,OCNT-2312418,PIKOQLVRUZGZGM,CYP1A2,6,32,6.818886595
OCNT-2309598,XWCLCJYWVJRTHA,CYP1A2_R06_OCNT-2312418,0,8,0.421875,0.421875,OCNT-2312418,PIKOQLVRUZGZGM,CYP1A2,6,32,6.818886595
OCNT-2317602,NUTZUNBKQQVLBS,CYP1A2_R06_OCNT-2312418,0,9,0.3918918918918919,0.3918918918918919,OCNT-2312418,PIKOQLVRUZGZGM,CYP1A2,6,32,6.818886595
OCNT-0497499,LZOCRTGDFVXVLX,CYP1A2_R06_OCNT-2312418,0,10,0.35294117647058826,0.35294117647058826,OCNT-2312418,PIKOQLVRUZGZGM,CYP1A2,6,32,6.818886595
OCNT-2313023,AYMXSLBJADKSFF,CYP1A2_R11_OCNT-2313625,0,1,0.4084507042253521,0.4084507042253521,OCNT-2313625,GDKZUNMFXBASGH,CYP1A2,11,91,6.236445705
OCNT-0493933,WZKBPTIRLCFSPF,CYP1A2_R11_OCNT-2313625,0,2,0.39285714285714285,0.39285714285714285,OCNT-2313625,GDKZUNMFXBASGH,CYP1A2,11,91,6.236445705
OCNT-2314895,KNTPHJCKWPHKJW,CYP1A2_R11_OCNT-2313625,0,3,0.38461538461538464,0.38461538461538464,OCNT-2313625,GDKZUNMFXBASGH,CYP1A2,11,91,6.236445705
OCNT-2318399,DJTKECHTBVUIMX,CYP1A2_R11_OCNT-2313625,0,4,0.375,0.375,OCNT-2313625,GDKZUNMFXBASGH,CYP1A2,11,91,6.236445705
OCNT-2310878,QNTYSVXEXCRUEK,CYP1A2_R11_OCNT-2313625,0,5,0.36923076923076925,0.36923076923076925,OCNT-2313625,GDKZUNMFXBASGH,CYP1A2,11,91,6.236445705
OCNT-2313241,YRRHXQBCLVLMPM,CYP1A2_R11_OCNT-2313625,0,6,0.36231884057971014,0.36231884057971014,OCNT-2313625,GDKZUNMFXBASGH,CYP1A2,11,91,6.236445705
OCNT-2309871,ZCEYLWXXNMDZEQ,CYP1A2_R11_OCNT-2313625,0,7,0.35714285714285715,0.35714285714285715,OCNT-2313625,GDKZUNMFXBASGH,CYP1A2,11,91,6.236445705
OCNT-2318673,UPCWUTJSUGEWMZ,CYP1A2_R11_OCNT-2313625,0,8,0.35294117647058826,0.35294117647058826,OCNT-2313625,GDKZUNMFXBASGH,CYP1A2,11,91,6.236445705
OCNT-0498195,WZYOSMAXXLCTGP,CYP1A2_R11_OCNT-2313625,0,9,0.3469387755102041,0.3469387755102041,OCNT-2313625,GDKZUNMFXBASGH,CYP1A2,11,91,6.236445705
OCNT-2315126,VJHDBUJUYUPJJI,CYP1A2_R11_OCNT-2313625,0,10,0.3384615384615385,0.3384615384615385,OCNT-2313625,GDKZUNMFXBASGH,CYP1A2,11,91,6.236445705
OCNT-2313403,KIKPMPBGGCAAPM,CYP1A2_R16_OCNT-2312610,0,1,0.5714285714285714,0.5714285714285714,OCNT-2312610,ULZMMJCEUCGMST,CYP1A2,16,188,5.845306095
OCNT-2317182,KXOBRUHKOVDSJD,CYP1A2_R16_OCNT-2312610,0,2,0.5531914893617021,0.5531914893617021,OCNT-2312610,ULZMMJCEUCGMST,CYP1A2,16,188,5.845306095
OCNT-2310240,LIVYGBIZZCPGDX,CYP1A2_R16_OCNT-2312610,0,3,0.5416666666666666,0.5416666666666666,OCNT-2312610,ULZMMJCEUCGMST,CYP1A2,16,188,5.845306095
OCNT-0494150,GYWQBPYNAGLBSC,CYP1A2_R16_OCNT-2312610,0,4,0.4782608695652174,0.4782608695652174,OCNT-2312610,ULZMMJCEUCGMST,CYP1A2,16,188,5.845306095
OCNT-2310680,AXXIEJDVBYZXLK,CYP1A2_R16_OCNT-2312610,0,5,0.47368421052631576,0.47368421052631576,OCNT-2312610,ULZMMJCEUCGMST,CYP1A2,16,188,5.845306095
OCNT-2312104,ZCWNGZGUCNIROI,CYP1A2_R16_OCNT-2312610,0,6,0.4166666666666667,0.4166666666666667,OCNT-2312610,ULZMMJCEUCGMST,CYP1A2,16,188,5.845306095
OCNT-2311370,IFDGZZUSIYMRQQ,CYP1A2_R16_OCNT-2312610,0,7,0.3898305084745763,0.3898305084745763,OCNT-2312610,ULZMMJCEUCGMST,CYP1A2,16,188,5.845306095
OCNT-2317126,MSGZOSCMRKZOEH,CYP1A2_R16_OCNT-2312610,0,8,0.3793103448275862,0.3793103448275862,OCNT-2312610,ULZMMJCEUCGMST,CYP1A2,16,188,5.845306095
OCNT-2395791,JBAZLIIRSZFELZ,CYP1A2_R16_OCNT-2312610,0,9,0.3793103448275862,0.3793103448275862,OCNT-2312610,ULZMMJCEUCGMST,CYP1A2,16,188,5.845306095
OCNT-2313188,RHWCGKBEHRZPHU,CYP1A2_R16_OCNT-2312610,0,10,0.36666666666666664,0.36666666666666664,OCNT-2312610,ULZMMJCEUCGMST,CYP1A2,16,188,5.845306095
OCNT-2328961,QELSKZZBTMNZEB,CYP1A2_R21_OCNT-2328316,0,1,0.7931034482758621,0.7931034482758621,OCNT-2328316,QFOHBWFCKVYLES,CYP1A2,21,225,5.78291153
OCNT-2328733,IUWVALYLNVXWKX,CYP1A2_R21_OCNT-2328316,0,2,0.71875,0.71875,OCNT-2328316,QFOHBWFCKVYLES,CYP1A2,21,225,5.78291153
OCNT-2328798,NUVBSKCKDOMJSU,CYP1A2_R21_OCNT-2328316,0,3,0.6666666666666666,0.6666666666666666,OCNT-2328316,QFOHBWFCKVYLES,CYP1A2,21,225,5.78291153
OCNT-2328962,MOZDKDIOPSPTBH,CYP1A2_R21_OCNT-2328316,0,4,0.5142857142857142,0.5142857142857142,OCNT-2328316,QFOHBWFCKVYLES,CYP1A2,21,225,5.78291153
OCNT-2328752,GKCBAIGFKIBETG,CYP1A2_R21_OCNT-2328316,0,5,0.4883720930232558,0.4883720930232558,OCNT-2328316,QFOHBWFCKVYLES,CYP1A2,21,225,5.78291153
OCNT-0497946,IZJRISIINLJVBU,CYP1A2_R21_OCNT-2328316,0,6,0.46511627906976744,0.46511627906976744,OCNT-2328316,QFOHBWFCKVYLES,CYP1A2,21,225,5.78291153
OCNT-0494110,RGLYKWWBQGJZGM,CYP1A2_R21_OCNT-2328316,0,7,0.45161290322580644,0.45161290322580644,OCNT-2328316,QFOHBWFCKVYLES,CYP1A2,21,225,5.78291153
OCNT-2328974,WYWZRNAHINYAEF,CYP1A2_R21_OCNT-2328316,0,8,0.4222222222222222,0.4222222222222222,OCNT-2328316,QFOHBWFCKVYLES,CYP1A2,21,225,5.78291153
OCNT-2328565,SESFRYSPDFLNCH,CYP1A2_R21_OCNT-2328316,0,9,0.3888888888888889,0.3888888888888889,OCNT-2328316,QFOHBWFCKVYLES,CYP1A2,21,225,5.78291153
OCNT-2328941,VLDFMKOUUQYFGF,CYP1A2_R21_OCNT-2328316,0,10,0.3409090909090909,0.3409090909090909,OCNT-2328316,QFOHBWFCKVYLES,CYP1A2,21,225,5.78291153
OCNT-2310925,REIBCFLOVHGSRJ,CYP2C9_R05_OCNT-2317181,0,1,0.532258064516129,0.532258064516129,OCNT-2317181,CGTNELINAFTBOA,CYP2C9,5,17,6.264391032
OCNT-2312932,PSDQGZLAVGATAM,CYP2C9_R05_OCNT-2317181,0,2,0.43548387096774194,0.43548387096774194,OCNT-2317181,CGTNELINAFTBOA,CYP2C9,5,17,6.264391032
OCNT-2310023,GJHOQPYBMAKJRB,CYP2C9_R05_OCNT-2317181,0,3,0.4307692307692308,0.4307692307692308,OCNT-2317181,CGTNELINAFTBOA,CYP2C9,5,17,6.264391032
OCNT-2312510,LRGZQHARSMWCIS,CYP2C9_R05_OCNT-2317181,0,4,0.4166666666666667,0.4166666666666667,OCNT-2317181,CGTNELINAFTBOA,CYP2C9,5,17,6.264391032
OCNT-2310041,OQNCBOFIXGDOFI,CYP2C9_R05_OCNT-2317181,0,5,0.4084507042253521,0.4084507042253521,OCNT-2317181,CGTNELINAFTBOA,CYP2C9,5,17,6.264391032
OCNT-2317668,LNBBIANUWQLMSS,CYP2C9_R05_OCNT-2317181,0,6,0.39436619718309857,0.39436619718309857,OCNT-2317181,CGTNELINAFTBOA,CYP2C9,5,17,6.264391032
OCNT-2314483,NWNMCXZQYBPRPZ,CYP2C9_R05_OCNT-2317181,0,7,0.38028169014084506,0.38028169014084506,OCNT-2317181,CGTNELINAFTBOA,CYP2C9,5,17,6.264391032
OCNT-2310801,QKIICPDXFBIHFL,CYP2C9_R05_OCNT-2317181,0,8,0.37333333333333335,0.37333333333333335,OCNT-2317181,CGTNELINAFTBOA,CYP2C9,5,17,6.264391032
OCNT-2310401,UKDDZRBOIOQMJY,CYP2C9_R05_OCNT-2317181,0,9,0.36,0.36,OCNT-2317181,CGTNELINAFTBOA,CYP2C9,5,17,6.264391032
OCNT-2395497,HWCUEKLVUOSNQX,CYP2C9_R05_OCNT-2317181,0,10,0.352112676056338,0.352112676056338,OCNT-2317181,CGTNELINAFTBOA,CYP2C9,5,17,6.264391032
OCNT-2308684,DHQWOWWYSIXUOX,CYP2C9_R10_OCNT-2311787,0,1,0.5,0.5,OCNT-2311787,OBNHVXTUARWNPW,CYP2C9,10,47,5.87755966
OCNT-2310351,KJHJATDGICCULE,CYP2C9_R10_OCNT-2311787,0,2,0.48,0.48,OCNT-2311787,OBNHVXTUARWNPW,CYP2C9,10,47,5.87755966
OCNT-2309931,KKGXMRNXJMSNQL,CYP2C9_R10_OCNT-2311787,0,3,0.4444444444444444,0.4444444444444444,OCNT-2311787,OBNHVXTUARWNPW,CYP2C9,10,47,5.87755966
OCNT-0495765,AFAFDMOIWWTYNC,CYP2C9_R10_OCNT-2311787,0,4,0.4117647058823529,0.4117647058823529,OCNT-2311787,OBNHVXTUARWNPW,CYP2C9,10,47,5.87755966
OCNT-2315139,NSGCRWKYWZTZPF,CYP2C9_R10_OCNT-2311787,0,5,0.410958904109589,0.410958904109589,OCNT-2311787,OBNHVXTUARWNPW,CYP2C9,10,47,5.87755966
OCNT-2314603,YVNZWBMVYHHHAQ,CYP2C9_R10_OCNT-2311787,0,6,0.38961038961038963,0.38961038961038963,OCNT-2311787,OBNHVXTUARWNPW,CYP2C9,10,47,5.87755966
OCNT-2314450,HVIJOBHTSPWXFX,CYP2C9_R10_OCNT-2311787,0,7,0.37333333333333335,0.37333333333333335,OCNT-2311787,OBNHVXTUARWNPW,CYP2C9,10,47,5.87755966
OCNT-2310726,GOHPXULFFDBKGC,CYP2C9_R10_OCNT-2311787,0,8,0.3698630136986301,0.3698630136986301,OCNT-2311787,OBNHVXTUARWNPW,CYP2C9,10,47,5.87755966
OCNT-0458076,CEQWVPVLJFJUBO,CYP2C9_R10_OCNT-2311787,0,9,0.36904761904761907,0.36904761904761907,OCNT-2311787,OBNHVXTUARWNPW,CYP2C9,10,47,5.87755966
OCNT-2314296,CFCKXKAHIRNCFO,CYP2C9_R10_OCNT-2311787,0,10,0.3684210526315789,0.3684210526315789,OCNT-2311787,OBNHVXTUARWNPW,CYP2C9,10,47,5.87755966
OCNT-2317476,YKCSTTVXHKLLAP,CYP2C9_R15_OCNT-2318117,0,1,0.46153846153846156,0.46153846153846156,OCNT-2318117,QGOIKUNMZODDJF,CYP2C9,15,85,5.665634967
OCNT-2310479,KRVFRBXSBYEUED,CYP2C9_R15_OCNT-2318117,0,2,0.45454545454545453,0.45454545454545453,OCNT-2318117,QGOIKUNMZODDJF,CYP2C9,15,85,5.665634967
OCNT-2313267,JGIPHLUSPCSBAK,CYP2C9_R15_OCNT-2318117,0,3,0.43243243243243246,0.43243243243243246,OCNT-2318117,QGOIKUNMZODDJF,CYP2C9,15,85,5.665634967
OCNT-2311780,QKHYTYJMUYSRFF,CYP2C9_R15_OCNT-2318117,0,4,0.4025974025974026,0.4025974025974026,OCNT-2318117,QGOIKUNMZODDJF,CYP2C9,15,85,5.665634967
OCNT-2315294,DZZVVUKOBSRNAM,CYP2C9_R15_OCNT-2318117,0,5,0.39759036144578314,0.39759036144578314,OCNT-2318117,QGOIKUNMZODDJF,CYP2C9,15,85,5.665634967
OCNT-2310831,VNCFAVVBLJJAFO,CYP2C9_R15_OCNT-2318117,0,6,0.38461538461538464,0.38461538461538464,OCNT-2318117,QGOIKUNMZODDJF,CYP2C9,15,85,5.665634967
OCNT-0457420,BLWMGCOXHBKIBO,CYP2C9_R15_OCNT-2318117,0,7,0.38271604938271603,0.38271604938271603,OCNT-2318117,QGOIKUNMZODDJF,CYP2C9,15,85,5.665634967
OCNT-2318324,WKLFNRWGRUQSCD,CYP2C9_R15_OCNT-2318117,0,8,0.37349397590361444,0.37349397590361444,OCNT-2318117,QGOIKUNMZODDJF,CYP2C9,15,85,5.665634967
OCNT-2312617,NKDOBKPPCCBZAM,CYP2C9_R15_OCNT-2318117,0,9,0.35064935064935066,0.35064935064935066,OCNT-2318117,QGOIKUNMZODDJF,CYP2C9,15,85,5.665634967
OCNT-2315448,GNVOYDAHBDQAQC,CYP2C9_R15_OCNT-2318117,0,10,0.345679012345679,0.345679012345679,OCNT-2318117,QGOIKUNMZODDJF,CYP2C9,15,85,5.665634967
OCNT-2316003,MVEPKMUQYNJZEZ,CYP2C9_R20_OCNT-2312486,0,1,0.44155844155844154,0.44155844155844154,OCNT-2312486,DGSWVMHTWBEKTA,CYP2C9,20,167,5.443233575
OCNT-2311714,NIWGHJVYXHFVSV,CYP2C9_R20_OCNT-2312486,0,2,0.4,0.4,OCNT-2312486,DGSWVMHTWBEKTA,CYP2C9,20,167,5.443233575
OCNT-2312348,POQXUFMEUYGOGU,CYP2C9_R20_OCNT-2312486,0,3,0.37662337662337664,0.37662337662337664,OCNT-2312486,DGSWVMHTWBEKTA,CYP2C9,20,167,5.443233575
OCNT-2317866,IZTKMBZGNDQRAV,CYP2C9_R20_OCNT-2312486,0,4,0.37333333333333335,0.37333333333333335,OCNT-2312486,DGSWVMHTWBEKTA,CYP2C9,20,167,5.443233575
OCNT-2309806,TXWRWZKMDWLPJI,CYP2C9_R20_OCNT-2312486,0,5,0.36585365853658536,0.36585365853658536,OCNT-2312486,DGSWVMHTWBEKTA,CYP2C9,20,167,5.443233575
OCNT-2316163,KKEULVBKRYJFFQ,CYP2C9_R20_OCNT-2312486,0,6,0.36,0.36,OCNT-2312486,DGSWVMHTWBEKTA,CYP2C9,20,167,5.443233575
OCNT-2313119,DIDURIXSXBWFPC,CYP2C9_R20_OCNT-2312486,0,7,0.3375,0.3375,OCNT-2312486,DGSWVMHTWBEKTA,CYP2C9,20,167,5.443233575
OCNT-2313630,RRJAHDBFCJZDHY,CYP2C9_R20_OCNT-2312486,0,8,0.3375,0.3375,OCNT-2312486,DGSWVMHTWBEKTA,CYP2C9,20,167,5.443233575
OCNT-2310522,SHFKEHYHFQIENX,CYP2C9_R20_OCNT-2312486,0,9,0.3373493975903614,0.3373493975903614,OCNT-2312486,DGSWVMHTWBEKTA,CYP2C9,20,167,5.443233575
OCNT-2318022,NGLQWYBBWZPWAG,CYP2C9_R20_OCNT-2312486,0,10,0.3333333333333333,0.3333333333333333,OCNT-2312486,DGSWVMHTWBEKTA,CYP2C9,20,167,5.443233575
OCNT-2310994,YWWRVIGZMFEUSK,CYP2C9_R25_OCNT-2313981,0,1,0.45714285714285713,0.45714285714285713,OCNT-2313981,LAZCRDSVQVATOJ,CYP2C9,25,244,5.2200345
OCNT-2313726,JCBXMWZFTVXMIJ,CYP2C9_R25_OCNT-2313981,0,2,0.43548387096774194,0.43548387096774194,OCNT-2313981,LAZCRDSVQVATOJ,CYP2C9,25,244,5.2200345
OCNT-2310827,LJFXZOYYLNSQSQ,CYP2C9_R25_OCNT-2313981,0,3,0.39436619718309857,0.39436619718309857,OCNT-2313981,LAZCRDSVQVATOJ,CYP2C9,25,244,5.2200345
OCNT-2308626,HQIXODCYFGBKNG,CYP2C9_R25_OCNT-2313981,0,4,0.3835616438356164,0.3835616438356164,OCNT-2313981,LAZCRDSVQVATOJ,CYP2C9,25,244,5.2200345
OCNT-2317280,OMQDGDIDGWFKFW,CYP2C9_R25_OCNT-2313981,0,5,0.38028169014084506,0.38028169014084506,OCNT-2313981,LAZCRDSVQVATOJ,CYP2C9,25,244,5.2200345
OCNT-2313698,YHTUZAYNHYDMMU,CYP2C9_R25_OCNT-2313981,0,6,0.36,0.36,OCNT-2313981,LAZCRDSVQVATOJ,CYP2C9,25,244,5.2200345
OCNT-2309204,CXEGWPXHHRYGGB,CYP2C9_R25_OCNT-2313981,0,7,0.3424657534246575,0.3424657534246575,OCNT-2313981,LAZCRDSVQVATOJ,CYP2C9,25,244,5.2200345
OCNT-2318171,GVZBSYAQXVSFEA,CYP2C9_R25_OCNT-2313981,0,8,0.34177215189873417,0.34177215189873417,OCNT-2313981,LAZCRDSVQVATOJ,CYP2C9,25,244,5.2200345
OCNT-2313099,XMGSKHFJBUJBTI,CYP2C9_R25_OCNT-2313981,0,9,0.3382352941176471,0.3382352941176471,OCNT-2313981,LAZCRDSVQVATOJ,CYP2C9,25,244,5.2200345
OCNT-2317467,HAUTWPJDAGPWES,CYP2C9_R25_OCNT-2313981,0,10,0.3380281690140845,0.3380281690140845,OCNT-2313981,LAZCRDSVQVATOJ,CYP2C9,25,244,5.2200345
OCNT-2308475,HCCPDJMGEYCQRE,CYP3A4_R04_OCNT-2395590,0,1,0.6862745098039216,0.6862745098039216,OCNT-2395590,XDOGHRXULONTCX,CYP3A4,4,4,6.776572222
OCNT-2395598,QXRGFDPWLBFMTO,CYP3A4_R04_OCNT-2395590,0,2,0.6382978723404256,0.6382978723404256,OCNT-2395590,XDOGHRXULONTCX,CYP3A4,4,4,6.776572222
OCNT-2395386,SRQOTCAYYLJUGZ,CYP3A4_R04_OCNT-2395590,0,3,0.6226415094339622,0.6226415094339622,OCNT-2395590,XDOGHRXULONTCX,CYP3A4,4,4,6.776572222
OCNT-2395602,INPVMHGBOBZEPM,CYP3A4_R04_OCNT-2395590,0,4,0.6,0.6,OCNT-2395590,XDOGHRXULONTCX,CYP3A4,4,4,6.776572222
OCNT-2395631,YDVFKKIYGVLNGT,CYP3A4_R04_OCNT-2395590,0,5,0.5818181818181818,0.5818181818181818,OCNT-2395590,XDOGHRXULONTCX,CYP3A4,4,4,6.776572222
OCNT-2395635,VAWUHRUTHFYQRC,CYP3A4_R04_OCNT-2395590,0,6,0.5714285714285714,0.5714285714285714,OCNT-2395590,XDOGHRXULONTCX,CYP3A4,4,4,6.776572222
OCNT-2395382,IESKIIPQTZZPPE,CYP3A4_R04_OCNT-2395590,0,7,0.5636363636363636,0.5636363636363636,OCNT-2395590,XDOGHRXULONTCX,CYP3A4,4,4,6.776572222
OCNT-2395594,OVAGPSZPAVXQQC,CYP3A4_R04_OCNT-2395590,0,8,0.5535714285714286,0.5535714285714286,OCNT-2395590,XDOGHRXULONTCX,CYP3A4,4,4,6.776572222
OCNT-2395606,OYBCLJJKAIHXRC,CYP3A4_R04_OCNT-2395590,0,9,0.5535714285714286,0.5535714285714286,OCNT-2395590,XDOGHRXULONTCX,CYP3A4,4,4,6.776572222
OCNT-2395490,CRMFSWNFDRJFJV,CYP3A4_R04_OCNT-2395590,0,10,0.543859649122807,0.543859649122807,OCNT-2395590,XDOGHRXULONTCX,CYP3A4,4,4,6.776572222
OCNT-2395279,JWGGVPCDAXNDKK,CYP3A4_R09_OCNT-2395674,0,1,0.7714285714285715,0.7714285714285715,OCNT-2395674,SFXWSPJNMWPVAR,CYP3A4,9,26,6.163297652
OCNT-2395300,UUFANUQZEIXAIL,CYP3A4_R09_OCNT-2395674,0,2,0.684931506849315,0.684931506849315,OCNT-2395674,SFXWSPJNMWPVAR,CYP3A4,9,26,6.163297652
OCNT-2395648,IJEYSVPOSBTGJK,CYP3A4_R09_OCNT-2395674,0,3,0.6666666666666666,0.6666666666666666,OCNT-2395674,SFXWSPJNMWPVAR,CYP3A4,9,26,6.163297652
OCNT-2318616,RTVWVQOQWOQJJL,CYP3A4_R09_OCNT-2395674,0,4,0.5789473684210527,0.5789473684210527,OCNT-2395674,SFXWSPJNMWPVAR,CYP3A4,9,26,6.163297652
OCNT-2395283,AVTCWHYPQDBLCG,CYP3A4_R09_OCNT-2395674,0,5,0.5616438356164384,0.5616438356164384,OCNT-2395674,SFXWSPJNMWPVAR,CYP3A4,9,26,6.163297652
OCNT-2395555,SXXPSQHXVBZGFB,CYP3A4_R09_OCNT-2395674,0,6,0.5180722891566265,0.5180722891566265,OCNT-2395674,SFXWSPJNMWPVAR,CYP3A4,9,26,6.163297652
OCNT-2395275,NGUMOZNITYCJGF,CYP3A4_R09_OCNT-2395674,0,7,0.4810126582278481,0.4810126582278481,OCNT-2395674,SFXWSPJNMWPVAR,CYP3A4,9,26,6.163297652
OCNT-2395544,GQYUWLZNMAPXLB,CYP3A4_R09_OCNT-2395674,0,8,0.3855421686746988,0.3855421686746988,OCNT-2395674,SFXWSPJNMWPVAR,CYP3A4,9,26,6.163297652
OCNT-2395530,KXEYOSCNJBANRN,CYP3A4_R09_OCNT-2395674,0,9,0.3493975903614458,0.3493975903614458,OCNT-2395674,SFXWSPJNMWPVAR,CYP3A4,9,26,6.163297652
OCNT-2310365,WOTKHFGJCBUMBM,CYP3A4_R09_OCNT-2395674,0,10,0.34782608695652173,0.34782608695652173,OCNT-2395674,SFXWSPJNMWPVAR,CYP3A4,9,26,6.163297652
OCNT-2315179,YGEJAGMUFFRADY,CYP3A4_R14_OCNT-2309351,0,1,0.4305555555555556,0.4305555555555556,OCNT-2309351,XYQUEYBQTCSVQX,CYP3A4,14,49,5.96637383
OCNT-2317895,CWBRZGJTIAQEGN,CYP3A4_R14_OCNT-2309351,0,2,0.40789473684210525,0.40789473684210525,OCNT-2309351,XYQUEYBQTCSVQX,CYP3A4,14,49,5.96637383
OCNT-2309126,WOGQCARQKBERFP,CYP3A4_R14_OCNT-2309351,0,3,0.3972602739726027,0.3972602739726027,OCNT-2309351,XYQUEYBQTCSVQX,CYP3A4,14,49,5.96637383
OCNT-2314759,YWMOZLLJWDAVMV,CYP3A4_R14_OCNT-2309351,0,4,0.39705882352941174,0.39705882352941174,OCNT-2309351,XYQUEYBQTCSVQX,CYP3A4,14,49,5.96637383
OCNT-2316758,GYOKOBMVGURQDD,CYP3A4_R14_OCNT-2309351,0,5,0.38571428571428573,0.38571428571428573,OCNT-2309351,XYQUEYBQTCSVQX,CYP3A4,14,49,5.96637383
OCNT-2317646,SVQWAVSVLIDPKU,CYP3A4_R14_OCNT-2309351,0,6,0.3815789473684211,0.3815789473684211,OCNT-2309351,XYQUEYBQTCSVQX,CYP3A4,14,49,5.96637383
OCNT-2316921,LMBJRHSTZKEVBI,CYP3A4_R14_OCNT-2309351,0,7,0.37333333333333335,0.37333333333333335,OCNT-2309351,XYQUEYBQTCSVQX,CYP3A4,14,49,5.96637383
OCNT-2310707,RZGDXDYNQPUJNA,CYP3A4_R14_OCNT-2309351,0,8,0.3611111111111111,0.3611111111111111,OCNT-2309351,XYQUEYBQTCSVQX,CYP3A4,14,49,5.96637383
OCNT-2317626,DLBAMDGUUSBSOH,CYP3A4_R14_OCNT-2309351,0,9,0.3611111111111111,0.3611111111111111,OCNT-2309351,XYQUEYBQTCSVQX,CYP3A4,14,49,5.96637383
OCNT-2310251,XSCFQDHSPXTQFT,CYP3A4_R14_OCNT-2309351,0,10,0.3424657534246575,0.3424657534246575,OCNT-2309351,XYQUEYBQTCSVQX,CYP3A4,14,49,5.96637383
OCNT-2395644,FNIGLKBHRGLAIU,CYP3A4_R19_OCNT-2311187,0,1,0.7446808510638298,0.7446808510638298,OCNT-2311187,FQQWSTJGVMFWSP,CYP3A4,19,79,5.8484545
OCNT-2395788,MOJVVQSWSMKIAN,CYP3A4_R19_OCNT-2311187,0,2,0.7,0.7,OCNT-2311187,FQQWSTJGVMFWSP,CYP3A4,19,79,5.8484545
OCNT-2395384,DEFBGBDDASRAKK,CYP3A4_R19_OCNT-2311187,0,3,0.6862745098039216,0.6862745098039216,OCNT-2311187,FQQWSTJGVMFWSP,CYP3A4,19,79,5.8484545
OCNT-2395311,JJJSJEMEGGMYHA,CYP3A4_R19_OCNT-2311187,0,4,0.6274509803921569,0.6274509803921569,OCNT-2311187,FQQWSTJGVMFWSP,CYP3A4,19,79,5.8484545
OCNT-2395485,PKNCAOVUKGGXJT,CYP3A4_R19_OCNT-2311187,0,5,0.6122448979591837,0.6122448979591837,OCNT-2311187,FQQWSTJGVMFWSP,CYP3A4,19,79,5.8484545
OCNT-2395728,QNWUVTGQJNNIGN,CYP3A4_R19_OCNT-2311187,0,6,0.6122448979591837,0.6122448979591837,OCNT-2311187,FQQWSTJGVMFWSP,CYP3A4,19,79,5.8484545
OCNT-2395548,WOULMLSTCVMSPN,CYP3A4_R19_OCNT-2311187,0,7,0.6,0.6,OCNT-2311187,FQQWSTJGVMFWSP,CYP3A4,19,79,5.8484545
OCNT-2395722,MYNFOXRYOYFFSJ,CYP3A4_R19_OCNT-2311187,0,8,0.6,0.6,OCNT-2311187,FQQWSTJGVMFWSP,CYP3A4,19,79,5.8484545
OCNT-2395724,CGZZWDBHJRTXFY,CYP3A4_R19_OCNT-2311187,0,9,0.6,0.6,OCNT-2311187,FQQWSTJGVMFWSP,CYP3A4,19,79,5.8484545
OCNT-2395307,FISDQJFPYPYHLF,CYP3A4_R19_OCNT-2311187,0,10,0.5882352941176471,0.5882352941176471,OCNT-2311187,FQQWSTJGVMFWSP,CYP3A4,19,79,5.8484545
OCNT-2311474,KVGFXFUOPKKBHC,CYP3A4_R24_OCNT-2311092,0,1,0.4838709677419355,0.4838709677419355,OCNT-2311092,UFNHVBKKZASTOU,CYP3A4,24,107,5.711437672
OCNT-2310979,ZNZJGCOJFHWZII,CYP3A4_R24_OCNT-2311092,0,2,0.38028169014084506,0.38028169014084506,OCNT-2311092,UFNHVBKKZASTOU,CYP3A4,24,107,5.711437672
OCNT-2310258,KKUAFDGZQZBAAV,CYP3A4_R24_OCNT-2311092,0,3,0.375,0.375,OCNT-2311092,UFNHVBKKZASTOU,CYP3A4,24,107,5.711437672
OCNT-2310252,HTHQNIFHKWWWJY,CYP3A4_R24_OCNT-2311092,0,4,0.37333333333333335,0.37333333333333335,OCNT-2311092,UFNHVBKKZASTOU,CYP3A4,24,107,5.711437672
OCNT-2314143,LWTRMLLALRRQTO,CYP3A4_R24_OCNT-2311092,0,5,0.37142857142857144,0.37142857142857144,OCNT-2311092,UFNHVBKKZASTOU,CYP3A4,24,107,5.711437672
OCNT-2312495,URZCPZIXXWCLIY,CYP3A4_R24_OCNT-2311092,0,6,0.3698630136986301,0.3698630136986301,OCNT-2311092,UFNHVBKKZASTOU,CYP3A4,24,107,5.711437672
OCNT-2313251,STKPDYXEWHQTCA,CYP3A4_R24_OCNT-2311092,0,7,0.352112676056338,0.352112676056338,OCNT-2311092,UFNHVBKKZASTOU,CYP3A4,24,107,5.711437672
OCNT-2308656,SFFQJAZXVFNTET,CYP3A4_R24_OCNT-2311092,0,8,0.34210526315789475,0.34210526315789475,OCNT-2311092,UFNHVBKKZASTOU,CYP3A4,24,107,5.711437672
OCNT-2317028,IROJCVZEMVZADB,CYP3A4_R24_OCNT-2311092,0,9,0.3382352941176471,0.3382352941176471,OCNT-2311092,UFNHVBKKZASTOU,CYP3A4,24,107,5.711437672
OCNT-0493664,BRZANEXCSZCZCI,CYP3A4_R24_OCNT-2311092,0,10,0.3333333333333333,0.3333333333333333,OCNT-2311092,UFNHVBKKZASTOU,CYP3A4,24,107,5.711437672
OCNT-2316781,IUWJSOWCLUIAFA,CYP1A2_R02_OCNT-2317954,1,1,0.5441176470588235,0.5441176470588235,OCNT-2317954,AECHNCUKRVJPMR,CYP1A2,2,12,7.359232032
OCNT-2309836,XLZQKDNFGFOCIC,CYP1A2_R02_OCNT-2317954,1,2,0.5,0.5,OCNT-2317954,AECHNCUKRVJPMR,CYP1A2,2,12,7.359232032
OCNT-2309866,CPCWNLRNPXRRHG,CYP1A2_R02_OCNT-2317954,1,3,0.4861111111111111,0.4861111111111111,OCNT-2317954,AECHNCUKRVJPMR,CYP1A2,2,12,7.359232032
OCNT-2311669,GQZZKRNBYZPRCE,CYP1A2_R02_OCNT-2317954,1,4,0.43243243243243246,0.43243243243243246,OCNT-2317954,AECHNCUKRVJPMR,CYP1A2,2,12,7.359232032
OCNT-2316072,XFNVKANPQXPLNM,CYP1A2_R02_OCNT-2317954,1,5,0.43243243243243246,0.43243243243243246,OCNT-2317954,AECHNCUKRVJPMR,CYP1A2,2,12,7.359232032
OCNT-2308854,SXDCQGPXENGXSP,CYP1A2_R02_OCNT-2317954,1,6,0.4166666666666667,0.4166666666666667,OCNT-2317954,AECHNCUKRVJPMR,CYP1A2,2,12,7.359232032
OCNT-2310913,NADVEOZBBSLZOC,CYP1A2_R02_OCNT-2317954,1,7,0.4142857142857143,0.4142857142857143,OCNT-2317954,AECHNCUKRVJPMR,CYP1A2,2,12,7.359232032
OCNT-2314324,XPHNDQLBIHZZOS,CYP1A2_R02_OCNT-2317954,1,8,0.39473684210526316,0.39473684210526316,OCNT-2317954,AECHNCUKRVJPMR,CYP1A2,2,12,7.359232032
OCNT-2309846,FGUQAYRHKXYOTM,CYP1A2_R02_OCNT-2317954,1,9,0.38028169014084506,0.38028169014084506,OCNT-2317954,AECHNCUKRVJPMR,CYP1A2,2,12,7.359232032
OCNT-2311676,XTHYOHCNADPCDX,CYP1A2_R02_OCNT-2317954,1,10,0.3611111111111111,0.3611111111111111,OCNT-2317954,AECHNCUKRVJPMR,CYP1A2,2,12,7.359232032
OCNT-2313708,NDFPYBQHVQZPMN,CYP1A2_R07_OCNT-2313198,1,1,0.44285714285714284,0.44285714285714284,OCNT-2313198,JOBIHDLHMORTRY,CYP1A2,7,45,6.576043718
OCNT-2314079,WVSLEKSANMYUQT,CYP1A2_R07_OCNT-2313198,1,2,0.4305555555555556,0.4305555555555556,OCNT-2313198,JOBIHDLHMORTRY,CYP1A2,7,45,6.576043718
OCNT-2310036,YUSOQWDLAGAIHW,CYP1A2_R07_OCNT-2313198,1,3,0.4126984126984127,0.4126984126984127,OCNT-2313198,JOBIHDLHMORTRY,CYP1A2,7,45,6.576043718
OCNT-2315194,MKZQCDVLIOJVRH,CYP1A2_R07_OCNT-2313198,1,4,0.375,0.375,OCNT-2313198,JOBIHDLHMORTRY,CYP1A2,7,45,6.576043718
OCNT-2309905,LVJWCKKQYYBYRC,CYP1A2_R07_OCNT-2313198,1,5,0.3614457831325301,0.3614457831325301,OCNT-2313198,JOBIHDLHMORTRY,CYP1A2,7,45,6.576043718
OCNT-2315844,WNJZMKTVARMZJN,CYP1A2_R07_OCNT-2313198,1,6,0.352112676056338,0.352112676056338,OCNT-2313198,JOBIHDLHMORTRY,CYP1A2,7,45,6.576043718
OCNT-2313432,RPEOWZNKUYHPIC,CYP1A2_R07_OCNT-2313198,1,7,0.33783783783783783,0.33783783783783783,OCNT-2313198,JOBIHDLHMORTRY,CYP1A2,7,45,6.576043718
OCNT-2310685,SRJUQDSPYDJJMF,CYP1A2_R07_OCNT-2313198,1,8,0.33766233766233766,0.33766233766233766,OCNT-2313198,JOBIHDLHMORTRY,CYP1A2,7,45,6.576043718
OCNT-2313808,MKQBWARPRLEMRM,CYP1A2_R07_OCNT-2313198,1,9,0.3333333333333333,0.3333333333333333,OCNT-2313198,JOBIHDLHMORTRY,CYP1A2,7,45,6.576043718
OCNT-2317650,VCLINRZEUQBSMV,CYP1A2_R07_OCNT-2313198,1,10,0.3333333333333333,0.3333333333333333,OCNT-2313198,JOBIHDLHMORTRY,CYP1A2,7,45,6.576043718
OCNT-2395707,XERTZFVAIHWZLQ,CYP1A2_R12_OCNT-2318111,1,1,0.6071428571428571,0.6071428571428571,OCNT-2318111,KTRFMBNZWVWXQT,CYP1A2,12,95,6.20336773
OCNT-2395470,DYQMZWJGNHQRSM,CYP1A2_R12_OCNT-2318111,1,2,0.5333333333333333,0.5333333333333333,OCNT-2318111,KTRFMBNZWVWXQT,CYP1A2,12,95,6.20336773
OCNT-2309093,ZPUJZAHPZRJNIC,CYP1A2_R12_OCNT-2318111,1,3,0.5245901639344263,0.5245901639344263,OCNT-2318111,KTRFMBNZWVWXQT,CYP1A2,12,95,6.20336773
OCNT-2395567,MHUOOTATOROKJY,CYP1A2_R12_OCNT-2318111,1,4,0.5087719298245614,0.5087719298245614,OCNT-2318111,KTRFMBNZWVWXQT,CYP1A2,12,95,6.20336773
OCNT-2312122,GLZRKOCNRVFUPI,CYP1A2_R12_OCNT-2318111,1,5,0.5081967213114754,0.5081967213114754,OCNT-2318111,KTRFMBNZWVWXQT,CYP1A2,12,95,6.20336773
OCNT-2316474,RAQMKDXAEMZEKK,CYP1A2_R12_OCNT-2318111,1,6,0.5076923076923077,0.5076923076923077,OCNT-2318111,KTRFMBNZWVWXQT,CYP1A2,12,95,6.20336773
OCNT-2395390,UXTJYBXFNHLFDQ,CYP1A2_R12_OCNT-2318111,1,7,0.5,0.5,OCNT-2318111,KTRFMBNZWVWXQT,CYP1A2,12,95,6.20336773
OCNT-2308470,RQGVCACJTCSQTN,CYP1A2_R12_OCNT-2318111,1,8,0.4918032786885246,0.4918032786885246,OCNT-2318111,KTRFMBNZWVWXQT,CYP1A2,12,95,6.20336773
OCNT-2395488,LNYDBAPUCWZEDQ,CYP1A2_R12_OCNT-2318111,1,9,0.4838709677419355,0.4838709677419355,OCNT-2318111,KTRFMBNZWVWXQT,CYP1A2,12,95,6.20336773
OCNT-2395474,HRIJOSOSAQLPFO,CYP1A2_R12_OCNT-2318111,1,10,0.47619047619047616,0.47619047619047616,OCNT-2318111,KTRFMBNZWVWXQT,CYP1A2,12,95,6.20336773
OCNT-2310034,PMPRQQLVVNFCDL,CYP1A2_R17_OCNT-2316906,1,1,0.4307692307692308,0.4307692307692308,OCNT-2316906,QHJYYLQCJBIXOQ,CYP1A2,17,203,5.822867073
OCNT-2316726,IAPQKELLCZVBPB,CYP1A2_R17_OCNT-2316906,1,2,0.421875,0.421875,OCNT-2316906,QHJYYLQCJBIXOQ,CYP1A2,17,203,5.822867073
OCNT-2315395,YBPKRBILFQUIEO,CYP1A2_R17_OCNT-2316906,1,3,0.359375,0.359375,OCNT-2316906,QHJYYLQCJBIXOQ,CYP1A2,17,203,5.822867073
OCNT-2317279,RFMYSKWZLOVNEH,CYP1A2_R17_OCNT-2316906,1,4,0.35294117647058826,0.35294117647058826,OCNT-2316906,QHJYYLQCJBIXOQ,CYP1A2,17,203,5.822867073
OCNT-2314248,XPIXQQFKIMODLQ,CYP1A2_R17_OCNT-2316906,1,5,0.3484848484848485,0.3484848484848485,OCNT-2316906,QHJYYLQCJBIXOQ,CYP1A2,17,203,5.822867073
OCNT-2309813,RVBHNRAKASJYTB,CYP1A2_R17_OCNT-2316906,1,6,0.3472222222222222,0.3472222222222222,OCNT-2316906,QHJYYLQCJBIXOQ,CYP1A2,17,203,5.822867073
OCNT-2309042,MLWJNKOKQZCQFM,CYP1A2_R17_OCNT-2316906,1,7,0.34375,0.34375,OCNT-2316906,QHJYYLQCJBIXOQ,CYP1A2,17,203,5.822867073
OCNT-2314809,KPCBJDYSXNGNDR,CYP1A2_R17_OCNT-2316906,1,8,0.34285714285714286,0.34285714285714286,OCNT-2316906,QHJYYLQCJBIXOQ,CYP1A2,17,203,5.822867073
OCNT-2309599,PZBMCIRQTJSXEM,CYP1A2_R17_OCNT-2316906,1,9,0.33766233766233766,0.33766233766233766,OCNT-2316906,QHJYYLQCJBIXOQ,CYP1A2,17,203,5.822867073
OCNT-2312545,MLGXXJFHUPBCHN,CYP1A2_R17_OCNT-2316906,1,10,0.3333333333333333,0.3333333333333333,OCNT-2316906,QHJYYLQCJBIXOQ,CYP1A2,17,203,5.822867073
OCNT-2313325,NRTZNFXSWOSRAR,CYP1A2_R22_OCNT-2310153,1,1,0.582089552238806,0.582089552238806,OCNT-2310153,NXEKYIWIFDTJEQ,CYP1A2,22,249,5.743245413
OCNT-2312868,BBIFCTYZNHAYIA,CYP1A2_R22_OCNT-2310153,1,2,0.4375,0.4375,OCNT-2310153,NXEKYIWIFDTJEQ,CYP1A2,22,249,5.743245413
OCNT-2318036,YSXZJLYRWWXLBJ,CYP1A2_R22_OCNT-2310153,1,3,0.43478260869565216,0.43478260869565216,OCNT-2310153,NXEKYIWIFDTJEQ,CYP1A2,22,249,5.743245413
OCNT-2310565,SBEVTKDZMAJRNX,CYP1A2_R22_OCNT-2310153,1,4,0.3888888888888889,0.3888888888888889,OCNT-2310153,NXEKYIWIFDTJEQ,CYP1A2,22,249,5.743245413
OCNT-2312558,JMUPJYABPJKPMN,CYP1A2_R22_OCNT-2310153,1,5,0.375,0.375,OCNT-2310153,NXEKYIWIFDTJEQ,CYP1A2,22,249,5.743245413
OCNT-2312755,RGOYPSLBXQDYGL,CYP1A2_R22_OCNT-2310153,1,6,0.3684210526315789,0.3684210526315789,OCNT-2310153,NXEKYIWIFDTJEQ,CYP1A2,22,249,5.743245413
OCNT-2317904,NPSLYMJMIFKNNV,CYP1A2_R22_OCNT-2310153,1,7,0.3670886075949367,0.3670886075949367,OCNT-2310153,NXEKYIWIFDTJEQ,CYP1A2,22,249,5.743245413
OCNT-2316711,FJPMDIBRGPUWFV,CYP1A2_R22_OCNT-2310153,1,8,0.35135135135135137,0.35135135135135137,OCNT-2310153,NXEKYIWIFDTJEQ,CYP1A2,22,249,5.743245413
OCNT-2317207,SBRNEVNAKYTEQV,CYP1A2_R22_OCNT-2310153,1,9,0.35135135135135137,0.35135135135135137,OCNT-2310153,NXEKYIWIFDTJEQ,CYP1A2,22,249,5.743245413
OCNT-2312961,DUADTXCVWFPPIL,CYP1A2_R22_OCNT-2310153,1,10,0.35,0.35,OCNT-2310153,NXEKYIWIFDTJEQ,CYP1A2,22,249,5.743245413
OCNT-0463322,BQTWJGKSFZWXJM,CYP2C9_R01_OCNT-2315972,1,1,0.5466666666666666,0.5466666666666666,OCNT-2315972,RSCLWXNTTOQEDX,CYP2C9,1,2,7.384353628
OCNT-2316452,URAQAPFFYYJDFQ,CYP2C9_R01_OCNT-2315972,1,2,0.5064935064935064,0.5064935064935064,OCNT-2315972,RSCLWXNTTOQEDX,CYP2C9,1,2,7.384353628
OCNT-2309492,YRYCNCAAIQZHCQ,CYP2C9_R01_OCNT-2315972,1,3,0.43529411764705883,0.43529411764705883,OCNT-2315972,RSCLWXNTTOQEDX,CYP2C9,1,2,7.384353628
OCNT-0463468,FTPZVVJAVJVLIF,CYP2C9_R01_OCNT-2315972,1,4,0.4268292682926829,0.4268292682926829,OCNT-2315972,RSCLWXNTTOQEDX,CYP2C9,1,2,7.384353628
OCNT-2313522,NXAQFXFUPZLHKK,CYP2C9_R01_OCNT-2315972,1,5,0.410958904109589,0.410958904109589,OCNT-2315972,RSCLWXNTTOQEDX,CYP2C9,1,2,7.384353628
OCNT-0463268,WZZUMLRHKWRRHR,CYP2C9_R01_OCNT-2315972,1,6,0.4050632911392405,0.4050632911392405,OCNT-2315972,RSCLWXNTTOQEDX,CYP2C9,1,2,7.384353628
OCNT-2395680,SVHXLBHHDFWNFL,CYP2C9_R01_OCNT-2315972,1,7,0.39705882352941174,0.39705882352941174,OCNT-2315972,RSCLWXNTTOQEDX,CYP2C9,1,2,7.384353628
OCNT-0458027,QSCBHJKAJWLVPB,CYP2C9_R01_OCNT-2315972,1,8,0.3902439024390244,0.3902439024390244,OCNT-2315972,RSCLWXNTTOQEDX,CYP2C9,1,2,7.384353628
OCNT-2395773,GAJKRXTTWPIVGD,CYP2C9_R01_OCNT-2315972,1,9,0.3902439024390244,0.3902439024390244,OCNT-2315972,RSCLWXNTTOQEDX,CYP2C9,1,2,7.384353628
OCNT-0463200,WIJOIUIIKSCRAN,CYP2C9_R01_OCNT-2315972,1,10,0.38961038961038963,0.38961038961038963,OCNT-2315972,RSCLWXNTTOQEDX,CYP2C9,1,2,7.384353628
OCNT-2310605,XTNMZHDMZGRSBV,CYP2C9_R06_OCNT-2310890,1,1,0.5441176470588235,0.5441176470588235,OCNT-2310890,PVJKSRBNYFPBRX,CYP2C9,6,21,6.158324037
OCNT-2312890,QIHKGMKUENLTSR,CYP2C9_R06_OCNT-2310890,1,2,0.515625,0.515625,OCNT-2310890,PVJKSRBNYFPBRX,CYP2C9,6,21,6.158324037
OCNT-2310447,XVCFYPXRSADGLR,CYP2C9_R06_OCNT-2310890,1,3,0.4925373134328358,0.4925373134328358,OCNT-2310890,PVJKSRBNYFPBRX,CYP2C9,6,21,6.158324037
OCNT-2310378,BJEJLVYFCONOIU,CYP2C9_R06_OCNT-2310890,1,4,0.47297297297297297,0.47297297297297297,OCNT-2310890,PVJKSRBNYFPBRX,CYP2C9,6,21,6.158324037
OCNT-2315245,LUUKVWARABOWOK,CYP2C9_R06_OCNT-2310890,1,5,0.4714285714285714,0.4714285714285714,OCNT-2310890,PVJKSRBNYFPBRX,CYP2C9,6,21,6.158324037
OCNT-2309139,XEASEVMEKOGXHQ,CYP2C9_R06_OCNT-2310890,1,6,0.4647887323943662,0.4647887323943662,OCNT-2310890,PVJKSRBNYFPBRX,CYP2C9,6,21,6.158324037
OCNT-2317724,HIHOVKJKGDLVNZ,CYP2C9_R06_OCNT-2310890,1,7,0.4647887323943662,0.4647887323943662,OCNT-2310890,PVJKSRBNYFPBRX,CYP2C9,6,21,6.158324037
OCNT-2308641,PTLQVNHZLMHXGQ,CYP2C9_R06_OCNT-2310890,1,8,0.4583333333333333,0.4583333333333333,OCNT-2310890,PVJKSRBNYFPBRX,CYP2C9,6,21,6.158324037
OCNT-2310417,BKZFFKDNDJNAOH,CYP2C9_R06_OCNT-2310890,1,9,0.44155844155844154,0.44155844155844154,OCNT-2310890,PVJKSRBNYFPBRX,CYP2C9,6,21,6.158324037
OCNT-2311336,LQKJYHIZCLRVAA,CYP2C9_R06_OCNT-2310890,1,10,0.4342105263157895,0.4342105263157895,OCNT-2310890,PVJKSRBNYFPBRX,CYP2C9,6,21,6.158324037
OCNT-2315731,CZSAMRIBHKTNAZ,CYP2C9_R11_OCNT-2309809,1,1,0.43661971830985913,0.43661971830985913,OCNT-2309809,JZKURPYQVDAOOL,CYP2C9,11,52,5.85000174
OCNT-0458025,YOCLBIASWDCQFN,CYP2C9_R11_OCNT-2309809,1,2,0.43243243243243246,0.43243243243243246,OCNT-2309809,JZKURPYQVDAOOL,CYP2C9,11,52,5.85000174
OCNT-2317693,KSEBSDIEVDZEHK,CYP2C9_R11_OCNT-2309809,1,3,0.4225352112676056,0.4225352112676056,OCNT-2309809,JZKURPYQVDAOOL,CYP2C9,11,52,5.85000174
OCNT-0495039,QIVBCDIJIAJPQS,CYP2C9_R11_OCNT-2309809,1,4,0.36065573770491804,0.36065573770491804,OCNT-2309809,JZKURPYQVDAOOL,CYP2C9,11,52,5.85000174
OCNT-2314046,FTEPPECMOPAJHL,CYP2C9_R11_OCNT-2309809,1,5,0.35714285714285715,0.35714285714285715,OCNT-2309809,JZKURPYQVDAOOL,CYP2C9,11,52,5.85000174
OCNT-2315121,DDBVVOVNSRWTJU,CYP2C9_R11_OCNT-2309809,1,6,0.35135135135135137,0.35135135135135137,OCNT-2309809,JZKURPYQVDAOOL,CYP2C9,11,52,5.85000174
OCNT-1893991,JXZZEXZZKAWDSP,CYP2C9_R11_OCNT-2309809,1,7,0.3472222222222222,0.3472222222222222,OCNT-2309809,JZKURPYQVDAOOL,CYP2C9,11,52,5.85000174
OCNT-2311154,UVBQSVCDGQALMQ,CYP2C9_R11_OCNT-2309809,1,8,0.34615384615384615,0.34615384615384615,OCNT-2309809,JZKURPYQVDAOOL,CYP2C9,11,52,5.85000174
OCNT-0497551,ZTYQBGRPXUUDOE,CYP2C9_R11_OCNT-2309809,1,9,0.3382352941176471,0.3382352941176471,OCNT-2309809,JZKURPYQVDAOOL,CYP2C9,11,52,5.85000174
OCNT-0461825,JNLSRGUPVAJJNM,CYP2C9_R11_OCNT-2309809,1,10,0.3333333333333333,0.3333333333333333,OCNT-2309809,JZKURPYQVDAOOL,CYP2C9,11,52,5.85000174
OCNT-2311582,ZEPYVNPXMMPJQB,CYP2C9_R16_OCNT-2310262,1,1,0.5,0.5,OCNT-2310262,UXPCXNWXWKQOER,CYP2C9,16,96,5.632948973
OCNT-2308744,XFLBADZEIKRUNC,CYP2C9_R16_OCNT-2310262,1,2,0.4576271186440678,0.4576271186440678,OCNT-2310262,UXPCXNWXWKQOER,CYP2C9,16,96,5.632948973
OCNT-2308504,WNVJJXBDZXMAAQ,CYP2C9_R16_OCNT-2310262,1,3,0.39285714285714285,0.39285714285714285,OCNT-2310262,UXPCXNWXWKQOER,CYP2C9,16,96,5.632948973
OCNT-2311387,QNTHWRNJSZFTQQ,CYP2C9_R16_OCNT-2310262,1,4,0.38333333333333336,0.38333333333333336,OCNT-2310262,UXPCXNWXWKQOER,CYP2C9,16,96,5.632948973
OCNT-2310579,ADAXQGHVJCOVAG,CYP2C9_R16_OCNT-2310262,1,5,0.38095238095238093,0.38095238095238093,OCNT-2310262,UXPCXNWXWKQOER,CYP2C9,16,96,5.632948973
OCNT-2310822,PAZGEARGQQZYLI,CYP2C9_R16_OCNT-2310262,1,6,0.375,0.375,OCNT-2310262,UXPCXNWXWKQOER,CYP2C9,16,96,5.632948973
OCNT-2317403,RUIUOFAPPJHIQX,CYP2C9_R16_OCNT-2310262,1,7,0.36507936507936506,0.36507936507936506,OCNT-2310262,UXPCXNWXWKQOER,CYP2C9,16,96,5.632948973
OCNT-2309670,LEPILDQORMQWAC,CYP2C9_R16_OCNT-2310262,1,8,0.36363636363636365,0.36363636363636365,OCNT-2310262,UXPCXNWXWKQOER,CYP2C9,16,96,5.632948973
OCNT-2313225,QNBRVDKSFRVUDJ,CYP2C9_R16_OCNT-2310262,1,9,0.359375,0.359375,OCNT-2310262,UXPCXNWXWKQOER,CYP2C9,16,96,5.632948973
OCNT-2315174,BVZPBARCGQEFOO,CYP2C9_R16_OCNT-2310262,1,10,0.3559322033898305,0.3559322033898305,OCNT-2310262,UXPCXNWXWKQOER,CYP2C9,16,96,5.632948973
OCNT-2310323,MBYHTKURRZPUOJ,CYP2C9_R21_OCNT-2317914,1,1,0.4461538461538462,0.4461538461538462,OCNT-2317914,CSVPCNUVXMRULW,CYP2C9,21,194,5.376227573
OCNT-2309155,SGGJYYXZDHNTMK,CYP2C9_R21_OCNT-2317914,1,2,0.40540540540540543,0.40540540540540543,OCNT-2317914,CSVPCNUVXMRULW,CYP2C9,21,194,5.376227573
OCNT-2313638,ZZMUEMSIAZDSCB,CYP2C9_R21_OCNT-2317914,1,3,0.37681159420289856,0.37681159420289856,OCNT-2317914,CSVPCNUVXMRULW,CYP2C9,21,194,5.376227573
OCNT-2310858,RBJYOPLZTXEOMT,CYP2C9_R21_OCNT-2317914,1,4,0.37333333333333335,0.37333333333333335,OCNT-2317914,CSVPCNUVXMRULW,CYP2C9,21,194,5.376227573
OCNT-2313106,CNANRTFPMBYPIM,CYP2C9_R21_OCNT-2317914,1,5,0.37333333333333335,0.37333333333333335,OCNT-2317914,CSVPCNUVXMRULW,CYP2C9,21,194,5.376227573
OCNT-2312795,DVBNAUHKBCFYBB,CYP2C9_R21_OCNT-2317914,1,6,0.36764705882352944,0.36764705882352944,OCNT-2317914,CSVPCNUVXMRULW,CYP2C9,21,194,5.376227573
OCNT-2309762,ALHZQEPUCXVZTK,CYP2C9_R21_OCNT-2317914,1,7,0.36619718309859156,0.36619718309859156,OCNT-2317914,CSVPCNUVXMRULW,CYP2C9,21,194,5.376227573
OCNT-2316818,YAOYODKAQMWJKZ,CYP2C9_R21_OCNT-2317914,1,8,0.36619718309859156,0.36619718309859156,OCNT-2317914,CSVPCNUVXMRULW,CYP2C9,21,194,5.376227573
OCNT-2317350,ZSZXTJMURYXMSU,CYP2C9_R21_OCNT-2317914,1,9,0.3561643835616438,0.3561643835616438,OCNT-2317914,CSVPCNUVXMRULW,CYP2C9,21,194,5.376227573
OCNT-2311175,LOHPAHJRSDGXHU,CYP2C9_R21_OCNT-2317914,1,10,0.34615384615384615,0.34615384615384615,OCNT-2317914,CSVPCNUVXMRULW,CYP2C9,21,194,5.376227573
OCNT-2311819,CDJZECPEHULQQM,CYP3A4_R05_OCNT-2314300,1,1,0.5471698113207547,0.5471698113207547,OCNT-2314300,BUWPDOKJHOVWEV,CYP3A4,5,10,6.428566638
OCNT-2315748,OVGYSEOUQWUKNQ,CYP3A4_R05_OCNT-2314300,1,2,0.5,0.5,OCNT-2314300,BUWPDOKJHOVWEV,CYP3A4,5,10,6.428566638
OCNT-2318000,BLHWMBAQHCSKAB,CYP3A4_R05_OCNT-2314300,1,3,0.41379310344827586,0.41379310344827586,OCNT-2314300,BUWPDOKJHOVWEV,CYP3A4,5,10,6.428566638
OCNT-2311817,ADEBKNPZUBITBS,CYP3A4_R05_OCNT-2314300,1,4,0.39344262295081966,0.39344262295081966,OCNT-2314300,BUWPDOKJHOVWEV,CYP3A4,5,10,6.428566638
OCNT-2315106,RXLYLRXSZARXIK,CYP3A4_R05_OCNT-2314300,1,5,0.3559322033898305,0.3559322033898305,OCNT-2314300,BUWPDOKJHOVWEV,CYP3A4,5,10,6.428566638
OCNT-0493958,UEAMJCFZTDEOAL,CYP3A4_R05_OCNT-2314300,1,6,0.35185185185185186,0.35185185185185186,OCNT-2314300,BUWPDOKJHOVWEV,CYP3A4,5,10,6.428566638
OCNT-2309859,SNXACLBSLNBILH,CYP3A4_R05_OCNT-2314300,1,7,0.35,0.35,OCNT-2314300,BUWPDOKJHOVWEV,CYP3A4,5,10,6.428566638
OCNT-2311200,NVPSOSIRMJDRPU,CYP3A4_R05_OCNT-2314300,1,8,0.3492063492063492,0.3492063492063492,OCNT-2314300,BUWPDOKJHOVWEV,CYP3A4,5,10,6.428566638
OCNT-0497342,MEYNLPQFSDKAAL,CYP3A4_R05_OCNT-2314300,1,9,0.34615384615384615,0.34615384615384615,OCNT-2314300,BUWPDOKJHOVWEV,CYP3A4,5,10,6.428566638
OCNT-2315498,KYQVKLFQOSOPNM,CYP3A4_R05_OCNT-2314300,1,10,0.3448275862068966,0.3448275862068966,OCNT-2314300,BUWPDOKJHOVWEV,CYP3A4,5,10,6.428566638
OCNT-2311180,NHWOTDZJNFARDD,CYP3A4_R10_OCNT-2313429,1,1,0.5172413793103449,0.5172413793103449,OCNT-2313429,LDJYNPQUIPZXAN,CYP3A4,10,31,6.120009353
OCNT-2314172,VEUVBVWSGSYXGX,CYP3A4_R10_OCNT-2313429,1,2,0.4098360655737705,0.4098360655737705,OCNT-2313429,LDJYNPQUIPZXAN,CYP3A4,10,31,6.120009353
OCNT-2395645,YSUDFDDJOBYGGO,CYP3A4_R10_OCNT-2313429,1,3,0.4074074074074074,0.4074074074074074,OCNT-2313429,LDJYNPQUIPZXAN,CYP3A4,10,31,6.120009353
OCNT-2395467,NOPXPKAQTBKIIK,CYP3A4_R10_OCNT-2313429,1,4,0.38596491228070173,0.38596491228070173,OCNT-2313429,LDJYNPQUIPZXAN,CYP3A4,10,31,6.120009353
OCNT-0493767,LAQWXSZWFLYJOE,CYP3A4_R10_OCNT-2313429,1,5,0.35714285714285715,0.35714285714285715,OCNT-2313429,LDJYNPQUIPZXAN,CYP3A4,10,31,6.120009353
OCNT-2312433,WRDMUKPMUYKYCW,CYP3A4_R10_OCNT-2313429,1,6,0.35384615384615387,0.35384615384615387,OCNT-2313429,LDJYNPQUIPZXAN,CYP3A4,10,31,6.120009353
OCNT-2395481,ANKYSPAPZXZRKL,CYP3A4_R10_OCNT-2313429,1,7,0.35,0.35,OCNT-2313429,LDJYNPQUIPZXAN,CYP3A4,10,31,6.120009353
OCNT-2395634,SJDBXHGBFBTMPJ,CYP3A4_R10_OCNT-2313429,1,8,0.35,0.35,OCNT-2313429,LDJYNPQUIPZXAN,CYP3A4,10,31,6.120009353
OCNT-2395476,BMUNXZSNIATDEL,CYP3A4_R10_OCNT-2313429,1,9,0.3442622950819672,0.3442622950819672,OCNT-2313429,LDJYNPQUIPZXAN,CYP3A4,10,31,6.120009353
OCNT-2313052,ZZFPLIDKIPRHHB,CYP3A4_R10_OCNT-2313429,1,10,0.34285714285714286,0.34285714285714286,OCNT-2313429,LDJYNPQUIPZXAN,CYP3A4,10,31,6.120009353
OCNT-2395657,POCLNLWTOQIVLU,CYP3A4_R15_OCNT-2395436,1,1,0.7169811320754716,0.7169811320754716,OCNT-2395436,LCTAZAPCJHRNLF,CYP3A4,15,50,5.963552567
OCNT-2395789,KSZUHJDXFNOZAX,CYP3A4_R15_OCNT-2395436,1,2,0.6727272727272727,0.6727272727272727,OCNT-2395436,LCTAZAPCJHRNLF,CYP3A4,15,50,5.963552567
OCNT-2311806,YYJSEZIUTAVANJ,CYP3A4_R15_OCNT-2395436,1,3,0.6140350877192983,0.6140350877192983,OCNT-2395436,LCTAZAPCJHRNLF,CYP3A4,15,50,5.963552567
OCNT-2395464,AUMILXDYXNJZGO,CYP3A4_R15_OCNT-2395436,1,4,0.6071428571428571,0.6071428571428571,OCNT-2395436,LCTAZAPCJHRNLF,CYP3A4,15,50,5.963552567
OCNT-2395349,YRMMBKQHNCTVGH,CYP3A4_R15_OCNT-2395436,1,5,0.559322033898305,0.559322033898305,OCNT-2395436,LCTAZAPCJHRNLF,CYP3A4,15,50,5.963552567
OCNT-2395784,CXGASDCRJCPHNM,CYP3A4_R15_OCNT-2395436,1,6,0.559322033898305,0.559322033898305,OCNT-2395436,LCTAZAPCJHRNLF,CYP3A4,15,50,5.963552567
OCNT-2395543,RUNGUEZWZTVFCU,CYP3A4_R15_OCNT-2395436,1,7,0.5409836065573771,0.5409836065573771,OCNT-2395436,LCTAZAPCJHRNLF,CYP3A4,15,50,5.963552567
OCNT-2395440,LBDZFZHERWVMSY,CYP3A4_R15_OCNT-2395436,1,8,0.5081967213114754,0.5081967213114754,OCNT-2395436,LCTAZAPCJHRNLF,CYP3A4,15,50,5.963552567
OCNT-2395425,ZJLLBTBHUADMQS,CYP3A4_R15_OCNT-2395436,1,9,0.5,0.5,OCNT-2395436,LCTAZAPCJHRNLF,CYP3A4,15,50,5.963552567
OCNT-2395547,UMYPCTYAILAMDR,CYP3A4_R15_OCNT-2395436,1,10,0.47619047619047616,0.47619047619047616,OCNT-2395436,LCTAZAPCJHRNLF,CYP3A4,15,50,5.963552567
OCNT-2395592,VHRRHVUNMHCJBW,CYP3A4_R20_OCNT-2395303,1,1,0.6724137931034483,0.6724137931034483,OCNT-2395303,YAPINTZWRKUNKN,CYP3A4,20,84,5.809834187
OCNT-2311662,NNQWXKPJDCMYDO,CYP3A4_R20_OCNT-2395303,1,2,0.671875,0.671875,OCNT-2395303,YAPINTZWRKUNKN,CYP3A4,20,84,5.809834187
OCNT-2395672,QOWDANZXWYEGPT,CYP3A4_R20_OCNT-2395303,1,3,0.6129032258064516,0.6129032258064516,OCNT-2395303,YAPINTZWRKUNKN,CYP3A4,20,84,5.809834187
OCNT-2395517,SHWLLIJABCWDCS,CYP3A4_R20_OCNT-2395303,1,4,0.603448275862069,0.603448275862069,OCNT-2395303,YAPINTZWRKUNKN,CYP3A4,20,84,5.809834187
OCNT-2395285,YYPUSKSRHZZVBY,CYP3A4_R20_OCNT-2395303,1,5,0.6,0.6,OCNT-2395303,YAPINTZWRKUNKN,CYP3A4,20,84,5.809834187
OCNT-2395409,ZBWYNVDXWISWEV,CYP3A4_R20_OCNT-2395303,1,6,0.5901639344262295,0.5901639344262295,OCNT-2395303,YAPINTZWRKUNKN,CYP3A4,20,84,5.809834187
OCNT-2395617,ZFLNQKJXJYGVKM,CYP3A4_R20_OCNT-2395303,1,7,0.578125,0.578125,OCNT-2395303,YAPINTZWRKUNKN,CYP3A4,20,84,5.809834187
OCNT-2395459,SCJSDZLVHPJNSV,CYP3A4_R20_OCNT-2395303,1,8,0.5555555555555556,0.5555555555555556,OCNT-2395303,YAPINTZWRKUNKN,CYP3A4,20,84,5.809834187
OCNT-2395321,RJECDYXFFUGFPD,CYP3A4_R20_OCNT-2395303,1,9,0.5538461538461539,0.5538461538461539,OCNT-2395303,YAPINTZWRKUNKN,CYP3A4,20,84,5.809834187
OCNT-2395419,IDRBFVDPCUUZRD,CYP3A4_R20_OCNT-2395303,1,10,0.5538461538461539,0.5538461538461539,OCNT-2395303,YAPINTZWRKUNKN,CYP3A4,20,84,5.809834187
OCNT-2317134,UXDPKMLAHNSVRK,CYP3A4_R25_OCNT-2395447,1,1,0.6,0.6,OCNT-2395447,CNMLKICHDRHLEI,CYP3A4,25,120,5.66007574
OCNT-2395682,YSXFALBFZPSVAY,CYP3A4_R25_OCNT-2395447,1,2,0.5882352941176471,0.5882352941176471,OCNT-2395447,CNMLKICHDRHLEI,CYP3A4,25,120,5.66007574
OCNT-2312367,UXXJEQVHPRDIRM,CYP3A4_R25_OCNT-2395447,1,3,0.5522388059701493,0.5522388059701493,OCNT-2395447,CNMLKICHDRHLEI,CYP3A4,25,120,5.66007574
OCNT-2395576,YXTNAXUFAGFNGO,CYP3A4_R25_OCNT-2395447,1,4,0.5428571428571428,0.5428571428571428,OCNT-2395447,CNMLKICHDRHLEI,CYP3A4,25,120,5.66007574
OCNT-2395280,VKLDISFNRAPLRT,CYP3A4_R25_OCNT-2395447,1,5,0.5342465753424658,0.5342465753424658,OCNT-2395447,CNMLKICHDRHLEI,CYP3A4,25,120,5.66007574
OCNT-2395445,CDBUNSVKISKPRX,CYP3A4_R25_OCNT-2395447,1,6,0.5294117647058824,0.5294117647058824,OCNT-2395447,CNMLKICHDRHLEI,CYP3A4,25,120,5.66007574
OCNT-2395738,ICMNNHCJCVVWEO,CYP3A4_R25_OCNT-2395447,1,7,0.5285714285714286,0.5285714285714286,OCNT-2395447,CNMLKICHDRHLEI,CYP3A4,25,120,5.66007574
OCNT-2395795,SCPRVCRZHVPKLD,CYP3A4_R25_OCNT-2395447,1,8,0.5217391304347826,0.5217391304347826,OCNT-2395447,CNMLKICHDRHLEI,CYP3A4,25,120,5.66007574
OCNT-2395329,BBDGGEDHOSSLBQ,CYP3A4_R25_OCNT-2395447,1,9,0.5068493150684932,0.5068493150684932,OCNT-2395447,CNMLKICHDRHLEI,CYP3A4,25,120,5.66007574
OCNT-2395502,ZDFFDMZFFSSVFR,CYP3A4_R25_OCNT-2395447,1,10,0.4931506849315068,0.4931506849315068,OCNT-2395447,CNMLKICHDRHLEI,CYP3A4,25,120,5.66007574
OCNT-2311279,NSRZZYJURUMVCD,CYP1A2_R03_OCNT-2310368,2,1,0.4852941176470588,0.4852941176470588,OCNT-2310368,LRAHSUQSFTWJQM,CYP1A2,3,18,7.069229052
OCNT-2308571,JBLWNFFRBGGQRJ,CYP1A2_R03_OCNT-2310368,2,2,0.4057971014492754,0.4057971014492754,OCNT-2310368,LRAHSUQSFTWJQM,CYP1A2,3,18,7.069229052
OCNT-2310610,HZNBGOJIRVQVMT,CYP1A2_R03_OCNT-2310368,2,3,0.3561643835616438,0.3561643835616438,OCNT-2310368,LRAHSUQSFTWJQM,CYP1A2,3,18,7.069229052
OCNT-0482088,LZBUDKAHPSUILT,CYP1A2_R03_OCNT-2310368,2,4,0.352112676056338,0.352112676056338,OCNT-2310368,LRAHSUQSFTWJQM,CYP1A2,3,18,7.069229052
OCNT-0482120,MPGFBRXEZSHDFS,CYP1A2_R03_OCNT-2310368,2,5,0.352112676056338,0.352112676056338,OCNT-2310368,LRAHSUQSFTWJQM,CYP1A2,3,18,7.069229052
OCNT-0482118,IBPPVGKCKDVPIG,CYP1A2_R03_OCNT-2310368,2,6,0.35135135135135137,0.35135135135135137,OCNT-2310368,LRAHSUQSFTWJQM,CYP1A2,3,18,7.069229052
OCNT-2316772,ANZVCZAGMVDWPV,CYP1A2_R03_OCNT-2310368,2,7,0.3472222222222222,0.3472222222222222,OCNT-2310368,LRAHSUQSFTWJQM,CYP1A2,3,18,7.069229052
OCNT-2309950,UWGSRPLGVVOCMK,CYP1A2_R03_OCNT-2310368,2,8,0.34285714285714286,0.34285714285714286,OCNT-2310368,LRAHSUQSFTWJQM,CYP1A2,3,18,7.069229052
OCNT-2315826,YWHGLLLODCPXHJ,CYP1A2_R03_OCNT-2310368,2,9,0.34210526315789475,0.34210526315789475,OCNT-2310368,LRAHSUQSFTWJQM,CYP1A2,3,18,7.069229052
OCNT-0455102,ROWWNDRRIMYREO,CYP1A2_R03_OCNT-2310368,2,10,0.34177215189873417,0.34177215189873417,OCNT-2310368,LRAHSUQSFTWJQM,CYP1A2,3,18,7.069229052
OCNT-2318356,MNCYFKHFXZGDCK,CYP1A2_R08_OCNT-2314402,2,1,0.42857142857142855,0.42857142857142855,OCNT-2314402,XTZRHLYNKPNFJU,CYP1A2,8,73,6.34625435
OCNT-2311264,KYWIQEYVDXUQTE,CYP1A2_R08_OCNT-2314402,2,2,0.42424242424242425,0.42424242424242425,OCNT-2314402,XTZRHLYNKPNFJU,CYP1A2,8,73,6.34625435
OCNT-2395652,ZHIAIEHGKQCKIB,CYP1A2_R08_OCNT-2314402,2,3,0.3888888888888889,0.3888888888888889,OCNT-2314402,XTZRHLYNKPNFJU,CYP1A2,8,73,6.34625435
OCNT-2317916,OHJTXRFTXHDJSZ,CYP1A2_R08_OCNT-2314402,2,4,0.3783783783783784,0.3783783783783784,OCNT-2314402,XTZRHLYNKPNFJU,CYP1A2,8,73,6.34625435
OCNT-2313201,QBHTVIYYTSWUEG,CYP1A2_R08_OCNT-2314402,2,5,0.36,0.36,OCNT-2314402,XTZRHLYNKPNFJU,CYP1A2,8,73,6.34625435
OCNT-2318209,PITWNXFLDVKEPP,CYP1A2_R08_OCNT-2314402,2,6,0.358974358974359,0.358974358974359,OCNT-2314402,XTZRHLYNKPNFJU,CYP1A2,8,73,6.34625435
OCNT-2309501,WHAVHVFYGLIVRF,CYP1A2_R08_OCNT-2314402,2,7,0.3561643835616438,0.3561643835616438,OCNT-2314402,XTZRHLYNKPNFJU,CYP1A2,8,73,6.34625435
OCNT-2311985,NJERGYGFXSOKSW,CYP1A2_R08_OCNT-2314402,2,8,0.352112676056338,0.352112676056338,OCNT-2314402,XTZRHLYNKPNFJU,CYP1A2,8,73,6.34625435
OCNT-2316738,ARBBCNULKSAECM,CYP1A2_R08_OCNT-2314402,2,9,0.3472222222222222,0.3472222222222222,OCNT-2314402,XTZRHLYNKPNFJU,CYP1A2,8,73,6.34625435
OCNT-2315148,RYUHAUCQHUWDOU,CYP1A2_R08_OCNT-2314402,2,10,0.34285714285714286,0.34285714285714286,OCNT-2314402,XTZRHLYNKPNFJU,CYP1A2,8,73,6.34625435
OCNT-2395799,MXVNZLMSWKIWPW,CYP1A2_R13_OCNT-2311797,2,1,0.46,0.46,OCNT-2311797,OQWDBCXAINMZFS,CYP1A2,13,129,6.030438043
OCNT-2309070,CFGZXKWGGSEENY,CYP1A2_R13_OCNT-2311797,2,2,0.4444444444444444,0.4444444444444444,OCNT-2311797,OQWDBCXAINMZFS,CYP1A2,13,129,6.030438043
OCNT-0493346,LPEPZBJOKDYZAD,CYP1A2_R13_OCNT-2311797,2,3,0.4375,0.4375,OCNT-2311797,OQWDBCXAINMZFS,CYP1A2,13,129,6.030438043
OCNT-2395735,ORGGPYVADXNQRI,CYP1A2_R13_OCNT-2311797,2,4,0.42857142857142855,0.42857142857142855,OCNT-2311797,OQWDBCXAINMZFS,CYP1A2,13,129,6.030438043
OCNT-0495157,JZFPYUNJRRFVQU,CYP1A2_R13_OCNT-2311797,2,5,0.40384615384615385,0.40384615384615385,OCNT-2311797,OQWDBCXAINMZFS,CYP1A2,13,129,6.030438043
OCNT-2310028,UDOYRVCSKHMUCD,CYP1A2_R13_OCNT-2311797,2,6,0.40350877192982454,0.40350877192982454,OCNT-2311797,OQWDBCXAINMZFS,CYP1A2,13,129,6.030438043
OCNT-2395505,DWLVFWAJLJNQFW,CYP1A2_R13_OCNT-2311797,2,7,0.38333333333333336,0.38333333333333336,OCNT-2311797,OQWDBCXAINMZFS,CYP1A2,13,129,6.030438043
OCNT-2313374,OFYRXFGVIZMXNC,CYP1A2_R13_OCNT-2311797,2,8,0.38181818181818183,0.38181818181818183,OCNT-2311797,OQWDBCXAINMZFS,CYP1A2,13,129,6.030438043
OCNT-0497465,RCCVKJHSAFZVCK,CYP1A2_R13_OCNT-2311797,2,9,0.3793103448275862,0.3793103448275862,OCNT-2311797,OQWDBCXAINMZFS,CYP1A2,13,129,6.030438043
OCNT-2395627,NJTUJJIKAYUDGD,CYP1A2_R13_OCNT-2311797,2,10,0.37254901960784315,0.37254901960784315,OCNT-2311797,OQWDBCXAINMZFS,CYP1A2,13,129,6.030438043
OCNT-0497451,DRPQDKIQVZBZQF,CYP1A2_R18_OCNT-2315212,2,1,0.5,0.5,OCNT-2315212,MAYGNRMRBCYUPW,CYP1A2,18,212,5.799003935
OCNT-2318569,VRFQISMUCTWNIV,CYP1A2_R18_OCNT-2315212,2,2,0.410958904109589,0.410958904109589,OCNT-2315212,MAYGNRMRBCYUPW,CYP1A2,18,212,5.799003935
OCNT-0497383,JFOVNJQCUHRYOI,CYP1A2_R18_OCNT-2315212,2,3,0.39473684210526316,0.39473684210526316,OCNT-2315212,MAYGNRMRBCYUPW,CYP1A2,18,212,5.799003935
OCNT-0497368,AELMNLIYFALJIR,CYP1A2_R18_OCNT-2315212,2,4,0.3939393939393939,0.3939393939393939,OCNT-2315212,MAYGNRMRBCYUPW,CYP1A2,18,212,5.799003935
OCNT-2314559,BRLCJROZNOOQAY,CYP1A2_R18_OCNT-2315212,2,5,0.3924050632911392,0.3924050632911392,OCNT-2315212,MAYGNRMRBCYUPW,CYP1A2,18,212,5.799003935
OCNT-2314395,NLONLIALNPPOCL,CYP1A2_R18_OCNT-2315212,2,6,0.3888888888888889,0.3888888888888889,OCNT-2315212,MAYGNRMRBCYUPW,CYP1A2,18,212,5.799003935
OCNT-0497562,VLWMQPYZWJBDPL,CYP1A2_R18_OCNT-2315212,2,7,0.3880597014925373,0.3880597014925373,OCNT-2315212,MAYGNRMRBCYUPW,CYP1A2,18,212,5.799003935
OCNT-2308818,FZCCZRTVIJFQKN,CYP1A2_R18_OCNT-2315212,2,8,0.38666666666666666,0.38666666666666666,OCNT-2315212,MAYGNRMRBCYUPW,CYP1A2,18,212,5.799003935
OCNT-0497323,FTIUOGWFBBKQAY,CYP1A2_R18_OCNT-2315212,2,9,0.3698630136986301,0.3698630136986301,OCNT-2315212,MAYGNRMRBCYUPW,CYP1A2,18,212,5.799003935
OCNT-2314637,AJCDYTGJIVDHJR,CYP1A2_R18_OCNT-2315212,2,10,0.3670886075949367,0.3670886075949367,OCNT-2315212,MAYGNRMRBCYUPW,CYP1A2,18,212,5.799003935
OCNT-2312713,IIWXSOJTJLUACB,CYP1A2_R23_OCNT-2317285,2,1,0.5454545454545454,0.5454545454545454,OCNT-2317285,ZYGIEWYSBUXBOA,CYP1A2,23,269,5.70202841
OCNT-2314694,LJXDGFVGNPOQIW,CYP1A2_R23_OCNT-2317285,2,2,0.47619047619047616,0.47619047619047616,OCNT-2317285,ZYGIEWYSBUXBOA,CYP1A2,23,269,5.70202841
OCNT-2313821,MGMUDDVTYLQJBC,CYP1A2_R23_OCNT-2317285,2,3,0.4642857142857143,0.4642857142857143,OCNT-2317285,ZYGIEWYSBUXBOA,CYP1A2,23,269,5.70202841
OCNT-2315087,JCPHKQUSKIQDIE,CYP1A2_R23_OCNT-2317285,2,4,0.4307692307692308,0.4307692307692308,OCNT-2317285,ZYGIEWYSBUXBOA,CYP1A2,23,269,5.70202841
OCNT-2310997,SIPWPCZRIOWTLN,CYP1A2_R23_OCNT-2317285,2,5,0.42424242424242425,0.42424242424242425,OCNT-2317285,ZYGIEWYSBUXBOA,CYP1A2,23,269,5.70202841
OCNT-2315114,LTHPWOHLAQICFN,CYP1A2_R23_OCNT-2317285,2,6,0.42424242424242425,0.42424242424242425,OCNT-2317285,ZYGIEWYSBUXBOA,CYP1A2,23,269,5.70202841
OCNT-0479409,UTYDQDSAZKFWMS,CYP1A2_R23_OCNT-2317285,2,7,0.4230769230769231,0.4230769230769231,OCNT-2317285,ZYGIEWYSBUXBOA,CYP1A2,23,269,5.70202841
OCNT-2317368,INKIPGZBLPASRD,CYP1A2_R23_OCNT-2317285,2,8,0.41818181818181815,0.41818181818181815,OCNT-2317285,ZYGIEWYSBUXBOA,CYP1A2,23,269,5.70202841
OCNT-2309162,KACFGRDACMIPRI,CYP1A2_R23_OCNT-2317285,2,9,0.4098360655737705,0.4098360655737705,OCNT-2317285,ZYGIEWYSBUXBOA,CYP1A2,23,269,5.70202841
OCNT-2309877,YKVLNDDAPLQHQD,CYP1A2_R23_OCNT-2317285,2,10,0.4090909090909091,0.4090909090909091,OCNT-2317285,ZYGIEWYSBUXBOA,CYP1A2,23,269,5.70202841
OCNT-2314864,IZSWTCQKDZJSHD,CYP2C9_R02_OCNT-2312302,2,1,0.5277777777777778,0.5277777777777778,OCNT-2312302,CFCCZVAEGMJLIC,CYP2C9,2,3,6.923698355
OCNT-2309843,GMKVOEZHEWMTNN,CYP2C9_R02_OCNT-2312302,2,2,0.4794520547945205,0.4794520547945205,OCNT-2312302,CFCCZVAEGMJLIC,CYP2C9,2,3,6.923698355
OCNT-2310440,QYQRNOKPPBKPEE,CYP2C9_R02_OCNT-2312302,2,3,0.4594594594594595,0.4594594594594595,OCNT-2312302,CFCCZVAEGMJLIC,CYP2C9,2,3,6.923698355
OCNT-2314927,OJISFMIUEGMAME,CYP2C9_R02_OCNT-2312302,2,4,0.4507042253521127,0.4507042253521127,OCNT-2312302,CFCCZVAEGMJLIC,CYP2C9,2,3,6.923698355
OCNT-2310006,PFNJCNWOBAUXCO,CYP2C9_R02_OCNT-2312302,2,5,0.4050632911392405,0.4050632911392405,OCNT-2312302,CFCCZVAEGMJLIC,CYP2C9,2,3,6.923698355
OCNT-2395745,SHNSGVRHUGHAEL,CYP2C9_R02_OCNT-2312302,2,6,0.39705882352941174,0.39705882352941174,OCNT-2312302,CFCCZVAEGMJLIC,CYP2C9,2,3,6.923698355
OCNT-2311627,BZSQFVKPLZFAMM,CYP2C9_R02_OCNT-2312302,2,7,0.3924050632911392,0.3924050632911392,OCNT-2312302,CFCCZVAEGMJLIC,CYP2C9,2,3,6.923698355
OCNT-2395391,HKBFGOGEJIHOQC,CYP2C9_R02_OCNT-2312302,2,8,0.38461538461538464,0.38461538461538464,OCNT-2312302,CFCCZVAEGMJLIC,CYP2C9,2,3,6.923698355
OCNT-2395615,OWDQVZHOEPSCRJ,CYP2C9_R02_OCNT-2312302,2,9,0.35135135135135137,0.35135135135135137,OCNT-2312302,CFCCZVAEGMJLIC,CYP2C9,2,3,6.923698355
OCNT-2309368,UNXHWBNUCBKFTR,CYP2C9_R02_OCNT-2312302,2,10,0.3493975903614458,0.3493975903614458,OCNT-2312302,CFCCZVAEGMJLIC,CYP2C9,2,3,6.923698355
OCNT-2317316,HXTZWUVDAMAHMH,CYP2C9_R07_OCNT-2314387,2,1,0.5862068965517241,0.5862068965517241,OCNT-2314387,ZPNRFLVQUATPER,CYP2C9,7,36,5.960118485
OCNT-2311624,FHLMPSUVVSVTAJ,CYP2C9_R07_OCNT-2314387,2,2,0.532258064516129,0.532258064516129,OCNT-2314387,ZPNRFLVQUATPER,CYP2C9,7,36,5.960118485
OCNT-2311259,JFGIKQWZIKRTIL,CYP2C9_R07_OCNT-2314387,2,3,0.5166666666666667,0.5166666666666667,OCNT-2314387,ZPNRFLVQUATPER,CYP2C9,7,36,5.960118485
OCNT-2311498,DAMIWXAGOOFFCB,CYP2C9_R07_OCNT-2314387,2,4,0.3968253968253968,0.3968253968253968,OCNT-2314387,ZPNRFLVQUATPER,CYP2C9,7,36,5.960118485
OCNT-0475246,HRYUHBOPAUONJH,CYP2C9_R07_OCNT-2314387,2,5,0.3835616438356164,0.3835616438356164,OCNT-2314387,ZPNRFLVQUATPER,CYP2C9,7,36,5.960118485
OCNT-2309377,BDHDGFPUBOQSQB,CYP2C9_R07_OCNT-2314387,2,6,0.37681159420289856,0.37681159420289856,OCNT-2314387,ZPNRFLVQUATPER,CYP2C9,7,36,5.960118485
OCNT-2312894,PXEUCTPMPXXYMS,CYP2C9_R07_OCNT-2314387,2,7,0.37681159420289856,0.37681159420289856,OCNT-2314387,ZPNRFLVQUATPER,CYP2C9,7,36,5.960118485
OCNT-2318278,NADPQXATXMIYFF,CYP2C9_R07_OCNT-2314387,2,8,0.375,0.375,OCNT-2314387,ZPNRFLVQUATPER,CYP2C9,7,36,5.960118485
OCNT-2314207,VMQVPAMNFSTCAC,CYP2C9_R07_OCNT-2314387,2,9,0.36619718309859156,0.36619718309859156,OCNT-2314387,ZPNRFLVQUATPER,CYP2C9,7,36,5.960118485
OCNT-2314037,WDHJJQQNQJWHFH,CYP2C9_R07_OCNT-2314387,2,10,0.35714285714285715,0.35714285714285715,OCNT-2314387,ZPNRFLVQUATPER,CYP2C9,7,36,5.960118485
OCNT-2315394,ISTVQRMBDXXFIL,CYP2C9_R12_OCNT-2315584,2,1,0.40625,0.40625,OCNT-2315584,XKAJLUQIWOREOM,CYP2C9,12,65,5.80400439
OCNT-2309955,KAIXLFHXPRCWAS,CYP2C9_R12_OCNT-2315584,2,2,0.38571428571428573,0.38571428571428573,OCNT-2315584,XKAJLUQIWOREOM,CYP2C9,12,65,5.80400439
OCNT-2309957,BNGXYKGPLNBSAF,CYP2C9_R12_OCNT-2315584,2,3,0.38095238095238093,0.38095238095238093,OCNT-2315584,XKAJLUQIWOREOM,CYP2C9,12,65,5.80400439
OCNT-2311602,AIDXPYZJTIDUSC,CYP2C9_R12_OCNT-2315584,2,4,0.3787878787878788,0.3787878787878788,OCNT-2315584,XKAJLUQIWOREOM,CYP2C9,12,65,5.80400439
OCNT-2316966,KYICLBKPBDUCOF,CYP2C9_R12_OCNT-2315584,2,5,0.36923076923076925,0.36923076923076925,OCNT-2315584,XKAJLUQIWOREOM,CYP2C9,12,65,5.80400439
OCNT-2310097,DKSGZKLKCPZDOE,CYP2C9_R12_OCNT-2315584,2,6,0.36486486486486486,0.36486486486486486,OCNT-2315584,XKAJLUQIWOREOM,CYP2C9,12,65,5.80400439
OCNT-2316117,IOHJWSPUOJUMQL,CYP2C9_R12_OCNT-2315584,2,7,0.36363636363636365,0.36363636363636365,OCNT-2315584,XKAJLUQIWOREOM,CYP2C9,12,65,5.80400439
OCNT-2311771,IHEPXAREJOJNRY,CYP2C9_R12_OCNT-2315584,2,8,0.3472222222222222,0.3472222222222222,OCNT-2315584,XKAJLUQIWOREOM,CYP2C9,12,65,5.80400439
OCNT-2314279,NVQLRNPGJMCFJN,CYP2C9_R12_OCNT-2315584,2,9,0.34285714285714286,0.34285714285714286,OCNT-2315584,XKAJLUQIWOREOM,CYP2C9,12,65,5.80400439
OCNT-2309499,BUVOPHNIEJYTGR,CYP2C9_R12_OCNT-2315584,2,10,0.3424657534246575,0.3424657534246575,OCNT-2315584,XKAJLUQIWOREOM,CYP2C9,12,65,5.80400439
OCNT-2395495,LORROHMPLWAYJF,CYP2C9_R17_OCNT-2309935,2,1,0.4857142857142857,0.4857142857142857,OCNT-2309935,MWUXHAOXKVPJBX,CYP2C9,17,105,5.586979483
OCNT-2395282,OSWKQOGJYLYDJV,CYP2C9_R17_OCNT-2309935,2,2,0.4852941176470588,0.4852941176470588,OCNT-2309935,MWUXHAOXKVPJBX,CYP2C9,17,105,5.586979483
OCNT-2395761,BYKZUEOSWYGKMJ,CYP2C9_R17_OCNT-2309935,2,3,0.4782608695652174,0.4782608695652174,OCNT-2309935,MWUXHAOXKVPJBX,CYP2C9,17,105,5.586979483
OCNT-2395453,IVQJENGSTOXPMW,CYP2C9_R17_OCNT-2309935,2,4,0.4722222222222222,0.4722222222222222,OCNT-2309935,MWUXHAOXKVPJBX,CYP2C9,17,105,5.586979483
OCNT-2395392,SIYDVVCGLDGNGG,CYP2C9_R17_OCNT-2309935,2,5,0.4657534246575342,0.4657534246575342,OCNT-2309935,MWUXHAOXKVPJBX,CYP2C9,17,105,5.586979483
OCNT-2316176,IVLDPMHWGKSBBD,CYP2C9_R17_OCNT-2309935,2,6,0.4520547945205479,0.4520547945205479,OCNT-2309935,MWUXHAOXKVPJBX,CYP2C9,17,105,5.586979483
OCNT-2395388,CFQJCJLLMWDACS,CYP2C9_R17_OCNT-2309935,2,7,0.4507042253521127,0.4507042253521127,OCNT-2309935,MWUXHAOXKVPJBX,CYP2C9,17,105,5.586979483
OCNT-2395456,SUWDPUGCBJMRIM,CYP2C9_R17_OCNT-2309935,2,8,0.4507042253521127,0.4507042253521127,OCNT-2309935,MWUXHAOXKVPJBX,CYP2C9,17,105,5.586979483
OCNT-2311638,DUDNRIVARGBEHO,CYP2C9_R17_OCNT-2309935,2,9,0.4473684210526316,0.4473684210526316,OCNT-2309935,MWUXHAOXKVPJBX,CYP2C9,17,105,5.586979483
OCNT-2395581,SLCOTPVWQGJWIY,CYP2C9_R17_OCNT-2309935,2,10,0.44594594594594594,0.44594594594594594,OCNT-2309935,MWUXHAOXKVPJBX,CYP2C9,17,105,5.586979483
OCNT-2311340,QVLONCRSZCBUNW,CYP2C9_R22_OCNT-2310562,2,1,0.4927536231884058,0.4927536231884058,OCNT-2310562,HSFFJASGMZOXAD,CYP2C9,22,212,5.32258185
OCNT-2315880,NSYWPGRLGRXHHP,CYP2C9_R22_OCNT-2310562,2,2,0.41333333333333333,0.41333333333333333,OCNT-2310562,HSFFJASGMZOXAD,CYP2C9,22,212,5.32258185
OCNT-2309001,CWMXYKKRUKUVCU,CYP2C9_R22_OCNT-2310562,2,3,0.38235294117647056,0.38235294117647056,OCNT-2310562,HSFFJASGMZOXAD,CYP2C9,22,212,5.32258185
OCNT-2317901,JNKGLLRFVIVVLH,CYP2C9_R22_OCNT-2310562,2,4,0.379746835443038,0.379746835443038,OCNT-2310562,HSFFJASGMZOXAD,CYP2C9,22,212,5.32258185
OCNT-2318241,HUMZAECDVMKEFK,CYP2C9_R22_OCNT-2310562,2,5,0.36,0.36,OCNT-2310562,HSFFJASGMZOXAD,CYP2C9,22,212,5.32258185
OCNT-2311998,DEGIHGBFUSEICZ,CYP2C9_R22_OCNT-2310562,2,6,0.34285714285714286,0.34285714285714286,OCNT-2310562,HSFFJASGMZOXAD,CYP2C9,22,212,5.32258185
OCNT-2313807,SQJMMPMDMDJGMZ,CYP2C9_R22_OCNT-2310562,2,7,0.3380281690140845,0.3380281690140845,OCNT-2310562,HSFFJASGMZOXAD,CYP2C9,22,212,5.32258185
OCNT-2311556,CKDAYZQHZOJZGJ,CYP2C9_R22_OCNT-2310562,2,8,0.33783783783783783,0.33783783783783783,OCNT-2310562,HSFFJASGMZOXAD,CYP2C9,22,212,5.32258185
OCNT-2314190,DOFQECKISJCOKJ,CYP2C9_R22_OCNT-2310562,2,9,0.3375,0.3375,OCNT-2310562,HSFFJASGMZOXAD,CYP2C9,22,212,5.32258185
OCNT-2317879,GEIDIRGYDXGKAI,CYP2C9_R22_OCNT-2310562,2,10,0.3333333333333333,0.3333333333333333,OCNT-2310562,HSFFJASGMZOXAD,CYP2C9,22,212,5.32258185
OCNT-2310437,RFHWZVNSOBPKEO,CYP3A4_R01_OCNT-2310988,2,1,0.5138888888888888,0.5138888888888888,OCNT-2310988,DPCRFIMDLMABSP,CYP3A4,1,1,7.186665953
OCNT-2310581,QQULOXRKJYHTLY,CYP3A4_R01_OCNT-2310988,2,2,0.5072463768115942,0.5072463768115942,OCNT-2310988,DPCRFIMDLMABSP,CYP3A4,1,1,7.186665953
OCNT-2317345,XBWYDJLBZXBPSD,CYP3A4_R01_OCNT-2310988,2,3,0.5072463768115942,0.5072463768115942,OCNT-2310988,DPCRFIMDLMABSP,CYP3A4,1,1,7.186665953
OCNT-2318340,DOQJOKBIOMCLJC,CYP3A4_R01_OCNT-2310988,2,4,0.5072463768115942,0.5072463768115942,OCNT-2310988,DPCRFIMDLMABSP,CYP3A4,1,1,7.186665953
OCNT-2315994,LQLLHNXDSQWNGR,CYP3A4_R01_OCNT-2310988,2,5,0.5,0.5,OCNT-2310988,DPCRFIMDLMABSP,CYP3A4,1,1,7.186665953
OCNT-2309179,BWWQNTFNKYNBID,CYP3A4_R01_OCNT-2310988,2,6,0.4861111111111111,0.4861111111111111,OCNT-2310988,DPCRFIMDLMABSP,CYP3A4,1,1,7.186665953
OCNT-2310627,YFUROBGDXNFDCC,CYP3A4_R01_OCNT-2310988,2,7,0.4861111111111111,0.4861111111111111,OCNT-2310988,DPCRFIMDLMABSP,CYP3A4,1,1,7.186665953
OCNT-2310864,HPRJCYLZBJNKRA,CYP3A4_R01_OCNT-2310988,2,8,0.47297297297297297,0.47297297297297297,OCNT-2310988,DPCRFIMDLMABSP,CYP3A4,1,1,7.186665953
OCNT-2310736,ABVGSGYZENIXJG,CYP3A4_R01_OCNT-2310988,2,9,0.4675324675324675,0.4675324675324675,OCNT-2310988,DPCRFIMDLMABSP,CYP3A4,1,1,7.186665953
OCNT-2311621,VHKOXEATTOABCX,CYP3A4_R01_OCNT-2310988,2,10,0.4666666666666667,0.4666666666666667,OCNT-2310988,DPCRFIMDLMABSP,CYP3A4,1,1,7.186665953
OCNT-2318184,BJPFWDUUOUASTR,CYP3A4_R06_OCNT-2395727,2,1,0.6,0.6,OCNT-2395727,QEGGWMNIQSHUTK,CYP3A4,6,11,6.421514082
OCNT-2395443,TVTPOERDJDYHCW,CYP3A4_R06_OCNT-2395727,2,2,0.52,0.52,OCNT-2395727,QEGGWMNIQSHUTK,CYP3A4,6,11,6.421514082
OCNT-2395415,FVXLSWCXTDUJFQ,CYP3A4_R06_OCNT-2395727,2,3,0.47058823529411764,0.47058823529411764,OCNT-2395727,QEGGWMNIQSHUTK,CYP3A4,6,11,6.421514082
OCNT-0495774,LGKQKELVYYSUHI,CYP3A4_R06_OCNT-2395727,2,4,0.4375,0.4375,OCNT-2395727,QEGGWMNIQSHUTK,CYP3A4,6,11,6.421514082
OCNT-2395444,PEVSJIALOQACCU,CYP3A4_R06_OCNT-2395727,2,5,0.41379310344827586,0.41379310344827586,OCNT-2395727,QEGGWMNIQSHUTK,CYP3A4,6,11,6.421514082
OCNT-2395781,JNMBUNCAVAQQQX,CYP3A4_R06_OCNT-2395727,2,6,0.4074074074074074,0.4074074074074074,OCNT-2395727,QEGGWMNIQSHUTK,CYP3A4,6,11,6.421514082
OCNT-2395545,FYLPHAGAZIRQRL,CYP3A4_R06_OCNT-2395727,2,7,0.40384615384615385,0.40384615384615385,OCNT-2395727,QEGGWMNIQSHUTK,CYP3A4,6,11,6.421514082
OCNT-2395469,BLLDJUUCAMPQMW,CYP3A4_R06_OCNT-2395727,2,8,0.4,0.4,OCNT-2395727,QEGGWMNIQSHUTK,CYP3A4,6,11,6.421514082
OCNT-2395526,MDSCGAYNORUSAZ,CYP3A4_R06_OCNT-2395727,2,9,0.3888888888888889,0.3888888888888889,OCNT-2395727,QEGGWMNIQSHUTK,CYP3A4,6,11,6.421514082
OCNT-2395721,BAMCAUBMJPYDDW,CYP3A4_R06_OCNT-2395727,2,10,0.3582089552238806,0.3582089552238806,OCNT-2395727,QEGGWMNIQSHUTK,CYP3A4,6,11,6.421514082
OCNT-2315960,IEXQMLIWZWKXBA,CYP3A4_R11_OCNT-2309844,2,1,0.5774647887323944,0.5774647887323944,OCNT-2309844,GGSBXNSPXLOOHI,CYP3A4,11,40,6.04559205
OCNT-2316959,QCFAHERSFSXCNA,CYP3A4_R11_OCNT-2309844,2,2,0.4927536231884058,0.4927536231884058,OCNT-2309844,GGSBXNSPXLOOHI,CYP3A4,11,40,6.04559205
OCNT-2314717,OSTWVWUINOEZHS,CYP3A4_R11_OCNT-2309844,2,3,0.48,0.48,OCNT-2309844,GGSBXNSPXLOOHI,CYP3A4,11,40,6.04559205
OCNT-2315996,XEMCUDAQPISXBU,CYP3A4_R11_OCNT-2309844,2,4,0.3625,0.3625,OCNT-2309844,GGSBXNSPXLOOHI,CYP3A4,11,40,6.04559205
OCNT-2313865,NIYULIQCZVFWLR,CYP3A4_R11_OCNT-2309844,2,5,0.358974358974359,0.358974358974359,OCNT-2309844,GGSBXNSPXLOOHI,CYP3A4,11,40,6.04559205
OCNT-2316697,FMZDTWSZRNKGID,CYP3A4_R11_OCNT-2309844,2,6,0.35714285714285715,0.35714285714285715,OCNT-2309844,GGSBXNSPXLOOHI,CYP3A4,11,40,6.04559205
OCNT-2317818,CPILBGUKHQTHAL,CYP3A4_R11_OCNT-2309844,2,7,0.35526315789473684,0.35526315789473684,OCNT-2309844,GGSBXNSPXLOOHI,CYP3A4,11,40,6.04559205
OCNT-2318463,PVCJAHQCQKVCAF,CYP3A4_R11_OCNT-2309844,2,8,0.3375,0.3375,OCNT-2309844,GGSBXNSPXLOOHI,CYP3A4,11,40,6.04559205
OCNT-2316721,YVLRYYJNSUZEGJ,CYP3A4_R11_OCNT-2309844,2,9,0.3372093023255814,0.3372093023255814,OCNT-2309844,GGSBXNSPXLOOHI,CYP3A4,11,40,6.04559205
OCNT-2317346,GWBBYACWVZJDHF,CYP3A4_R11_OCNT-2309844,2,10,0.3333333333333333,0.3333333333333333,OCNT-2309844,GGSBXNSPXLOOHI,CYP3A4,11,40,6.04559205
OCNT-2316303,WJSGRZXGMIBXIR,CYP3A4_R16_OCNT-2310606,2,1,0.4696969696969697,0.4696969696969697,OCNT-2310606,DTKNSZIBMSDKHW,CYP3A4,16,51,5.955765657
OCNT-2310612,JMYVKSYNRSDSAR,CYP3A4_R16_OCNT-2310606,2,2,0.4393939393939394,0.4393939393939394,OCNT-2310606,DTKNSZIBMSDKHW,CYP3A4,16,51,5.955765657
OCNT-2315632,IDAOTOFLIMUVOO,CYP3A4_R16_OCNT-2310606,2,3,0.43661971830985913,0.43661971830985913,OCNT-2310606,DTKNSZIBMSDKHW,CYP3A4,16,51,5.955765657
OCNT-2311783,VTTXKWNUEYBJHG,CYP3A4_R16_OCNT-2310606,2,4,0.4057971014492754,0.4057971014492754,OCNT-2310606,DTKNSZIBMSDKHW,CYP3A4,16,51,5.955765657
OCNT-2310674,FLYOLZFPQYWAFT,CYP3A4_R16_OCNT-2310606,2,5,0.40298507462686567,0.40298507462686567,OCNT-2310606,DTKNSZIBMSDKHW,CYP3A4,16,51,5.955765657
OCNT-0482584,MCLKMFFVUMBCRO,CYP3A4_R16_OCNT-2310606,2,6,0.3972602739726027,0.3972602739726027,OCNT-2310606,DTKNSZIBMSDKHW,CYP3A4,16,51,5.955765657
OCNT-2309664,NCBDIAFDYAWTPW,CYP3A4_R16_OCNT-2310606,2,7,0.391304347826087,0.391304347826087,OCNT-2310606,DTKNSZIBMSDKHW,CYP3A4,16,51,5.955765657
OCNT-0482580,WFYASAYYRRLYFU,CYP3A4_R16_OCNT-2310606,2,8,0.3835616438356164,0.3835616438356164,OCNT-2310606,DTKNSZIBMSDKHW,CYP3A4,16,51,5.955765657
OCNT-0482558,KICVPDBXBQZHJU,CYP3A4_R16_OCNT-2310606,2,9,0.38028169014084506,0.38028169014084506,OCNT-2310606,DTKNSZIBMSDKHW,CYP3A4,16,51,5.955765657
OCNT-2312594,UZNUUAMSRUJWQX,CYP3A4_R16_OCNT-2310606,2,10,0.37681159420289856,0.37681159420289856,OCNT-2310606,DTKNSZIBMSDKHW,CYP3A4,16,51,5.955765657
OCNT-2395701,MGTAKCACXPHWCG,CYP3A4_R21_OCNT-2395511,2,1,0.6415094339622641,0.6415094339622641,OCNT-2395511,UWJNFPGTVMJANB,CYP3A4,21,91,5.78345141
OCNT-2395308,WAHYSPDEZQDNBT,CYP3A4_R21_OCNT-2395511,2,2,0.559322033898305,0.559322033898305,OCNT-2395511,UWJNFPGTVMJANB,CYP3A4,21,91,5.78345141
OCNT-2395498,ZEFQTTZQITUPDD,CYP3A4_R21_OCNT-2395511,2,3,0.5454545454545454,0.5454545454545454,OCNT-2395511,UWJNFPGTVMJANB,CYP3A4,21,91,5.78345141
OCNT-2395504,JDULGAIJOJJFGG,CYP3A4_R21_OCNT-2395511,2,4,0.5370370370370371,0.5370370370370371,OCNT-2395511,UWJNFPGTVMJANB,CYP3A4,21,91,5.78345141
OCNT-2318155,KVARMYQTKIRGCQ,CYP3A4_R21_OCNT-2395511,2,5,0.5333333333333333,0.5333333333333333,OCNT-2395511,UWJNFPGTVMJANB,CYP3A4,21,91,5.78345141
OCNT-2395691,KNRNLLFRPUTOJS,CYP3A4_R21_OCNT-2395511,2,6,0.5272727272727272,0.5272727272727272,OCNT-2395511,UWJNFPGTVMJANB,CYP3A4,21,91,5.78345141
OCNT-2318048,YXWUJBCMCDTVMO,CYP3A4_R21_OCNT-2395511,2,7,0.5166666666666667,0.5166666666666667,OCNT-2395511,UWJNFPGTVMJANB,CYP3A4,21,91,5.78345141
OCNT-2309232,MKUCLUPMYFFFGY,CYP3A4_R21_OCNT-2395511,2,8,0.5,0.5,OCNT-2395511,UWJNFPGTVMJANB,CYP3A4,21,91,5.78345141
OCNT-2395396,MDZJZRZSDPJNQV,CYP3A4_R21_OCNT-2395511,2,9,0.5,0.5,OCNT-2395511,UWJNFPGTVMJANB,CYP3A4,21,91,5.78345141
OCNT-2395309,TXJZXCYMSCFYJB,CYP3A4_R21_OCNT-2395511,2,10,0.4827586206896552,0.4827586206896552,OCNT-2395511,UWJNFPGTVMJANB,CYP3A4,21,91,5.78345141
OCNT-2312382,VHIULUXMPVVLQW,CYP1A2_R04_OCNT-2313567,3,1,0.5161290322580645,0.5161290322580645,OCNT-2313567,DHNZZMXDGCZABY,CYP1A2,4,22,6.993996538
OCNT-2314884,LHONXHPIOQMVRB,CYP1A2_R04_OCNT-2313567,3,2,0.5,0.5,OCNT-2313567,DHNZZMXDGCZABY,CYP1A2,4,22,6.993996538
OCNT-2308508,VUWGJWBCZMKTRL,CYP1A2_R04_OCNT-2313567,3,3,0.4520547945205479,0.4520547945205479,OCNT-2313567,DHNZZMXDGCZABY,CYP1A2,4,22,6.993996538
OCNT-2316486,DNDOJKITKZLECV,CYP1A2_R04_OCNT-2313567,3,4,0.39473684210526316,0.39473684210526316,OCNT-2313567,DHNZZMXDGCZABY,CYP1A2,4,22,6.993996538
OCNT-2315030,JAHCDTOPQPDPHN,CYP1A2_R04_OCNT-2313567,3,5,0.37681159420289856,0.37681159420289856,OCNT-2313567,DHNZZMXDGCZABY,CYP1A2,4,22,6.993996538
OCNT-2308896,IWYYRRQCEGSTII,CYP1A2_R04_OCNT-2313567,3,6,0.36619718309859156,0.36619718309859156,OCNT-2313567,DHNZZMXDGCZABY,CYP1A2,4,22,6.993996538
OCNT-2309376,GBUSLTPPAQKFHD,CYP1A2_R04_OCNT-2313567,3,7,0.352112676056338,0.352112676056338,OCNT-2313567,DHNZZMXDGCZABY,CYP1A2,4,22,6.993996538
OCNT-2315906,FJQDILFBCXCGIP,CYP1A2_R04_OCNT-2313567,3,8,0.35135135135135137,0.35135135135135137,OCNT-2313567,DHNZZMXDGCZABY,CYP1A2,4,22,6.993996538
OCNT-2313948,BZVHKYBWSDLONO,CYP1A2_R04_OCNT-2313567,3,9,0.3382352941176471,0.3382352941176471,OCNT-2313567,DHNZZMXDGCZABY,CYP1A2,4,22,6.993996538
OCNT-2316068,JPVSNCKCEXNVEF,CYP1A2_R04_OCNT-2313567,3,10,0.3333333333333333,0.3333333333333333,OCNT-2313567,DHNZZMXDGCZABY,CYP1A2,4,22,6.993996538
OCNT-0497498,ZBLHKJMPDFGDTA,CYP1A2_R09_OCNT-2315130,3,1,0.39436619718309857,0.39436619718309857,OCNT-2315130,NVWRCKWSACBUON,CYP1A2,9,79,6.304488135
OCNT-2317059,NMVBTWDJOZAZKW,CYP1A2_R09_OCNT-2315130,3,2,0.38028169014084506,0.38028169014084506,OCNT-2315130,NVWRCKWSACBUON,CYP1A2,9,79,6.304488135
OCNT-2317265,VRHLCRQRRJHCMR,CYP1A2_R09_OCNT-2315130,3,3,0.38028169014084506,0.38028169014084506,OCNT-2315130,NVWRCKWSACBUON,CYP1A2,9,79,6.304488135
OCNT-2314763,PXEMWOAWSRNDKZ,CYP1A2_R09_OCNT-2315130,3,4,0.37681159420289856,0.37681159420289856,OCNT-2315130,NVWRCKWSACBUON,CYP1A2,9,79,6.304488135
OCNT-2311121,YINKADFCKUPJHC,CYP1A2_R09_OCNT-2315130,3,5,0.35384615384615387,0.35384615384615387,OCNT-2315130,NVWRCKWSACBUON,CYP1A2,9,79,6.304488135
OCNT-2314536,JUZQLSXEWXJSQX,CYP1A2_R09_OCNT-2315130,3,6,0.35294117647058826,0.35294117647058826,OCNT-2315130,NVWRCKWSACBUON,CYP1A2,9,79,6.304488135
OCNT-2395342,OENNRUNZZPQSEX,CYP1A2_R09_OCNT-2315130,3,7,0.35294117647058826,0.35294117647058826,OCNT-2315130,NVWRCKWSACBUON,CYP1A2,9,79,6.304488135
OCNT-2395340,LGCUCBFUBNZFJW,CYP1A2_R09_OCNT-2315130,3,8,0.352112676056338,0.352112676056338,OCNT-2315130,NVWRCKWSACBUON,CYP1A2,9,79,6.304488135
OCNT-2313039,NPAFTASKBUHIIW,CYP1A2_R09_OCNT-2315130,3,9,0.34782608695652173,0.34782608695652173,OCNT-2315130,NVWRCKWSACBUON,CYP1A2,9,79,6.304488135
OCNT-0456022,CJZYOXYZIUAOHK,CYP1A2_R09_OCNT-2315130,3,10,0.3466666666666667,0.3466666666666667,OCNT-2315130,NVWRCKWSACBUON,CYP1A2,9,79,6.304488135
OCNT-2316976,XMGORMGYUQDAAL,CYP1A2_R14_OCNT-2317761,3,1,0.5,0.5,OCNT-2317761,JMXRCYKGNHZSPJ,CYP1A2,14,163,5.91937032
OCNT-2311240,QKXALNDLTVLRJT,CYP1A2_R14_OCNT-2317761,3,2,0.4142857142857143,0.4142857142857143,OCNT-2317761,JMXRCYKGNHZSPJ,CYP1A2,14,163,5.91937032
OCNT-2314222,DRWGVCFKZYRZIO,CYP1A2_R14_OCNT-2317761,3,3,0.4057971014492754,0.4057971014492754,OCNT-2317761,JMXRCYKGNHZSPJ,CYP1A2,14,163,5.91937032
OCNT-2310465,OKIZSZJYXQZGPI,CYP1A2_R14_OCNT-2317761,3,4,0.391304347826087,0.391304347826087,OCNT-2317761,JMXRCYKGNHZSPJ,CYP1A2,14,163,5.91937032
OCNT-2310489,BEGOXMGRIYSGIP,CYP1A2_R14_OCNT-2317761,3,5,0.38235294117647056,0.38235294117647056,OCNT-2317761,JMXRCYKGNHZSPJ,CYP1A2,14,163,5.91937032
OCNT-2314567,KXMATESBGAVCSV,CYP1A2_R14_OCNT-2317761,3,6,0.37681159420289856,0.37681159420289856,OCNT-2317761,JMXRCYKGNHZSPJ,CYP1A2,14,163,5.91937032
OCNT-2314349,NRCJMMNOZIJRIM,CYP1A2_R14_OCNT-2317761,3,7,0.36764705882352944,0.36764705882352944,OCNT-2317761,JMXRCYKGNHZSPJ,CYP1A2,14,163,5.91937032
OCNT-2315332,CTEHMITXXKEHTJ,CYP1A2_R14_OCNT-2317761,3,8,0.3582089552238806,0.3582089552238806,OCNT-2317761,JMXRCYKGNHZSPJ,CYP1A2,14,163,5.91937032
OCNT-2308938,LOWTXHIWNNBQNU,CYP1A2_R14_OCNT-2317761,3,9,0.34328358208955223,0.34328358208955223,OCNT-2317761,JMXRCYKGNHZSPJ,CYP1A2,14,163,5.91937032
OCNT-2309663,BBRIXFTZIRVEEF,CYP1A2_R14_OCNT-2317761,3,10,0.34328358208955223,0.34328358208955223,OCNT-2317761,JMXRCYKGNHZSPJ,CYP1A2,14,163,5.91937032
OCNT-2310461,COFKGHPLSNWTDM,CYP1A2_R19_OCNT-2308635,3,1,0.5797101449275363,0.5797101449275363,OCNT-2308635,RJVRSUUZAWJBFO,CYP1A2,19,213,5.796193795
OCNT-2311574,IXIWLXFULLNPDO,CYP1A2_R19_OCNT-2308635,3,2,0.5211267605633803,0.5211267605633803,OCNT-2308635,RJVRSUUZAWJBFO,CYP1A2,19,213,5.796193795
OCNT-0482560,UZKLXWCYRQKDIN,CYP1A2_R19_OCNT-2308635,3,3,0.4375,0.4375,OCNT-2308635,RJVRSUUZAWJBFO,CYP1A2,19,213,5.796193795
OCNT-2312581,DXIJNEODHVKRKU,CYP1A2_R19_OCNT-2308635,3,4,0.4358974358974359,0.4358974358974359,OCNT-2308635,RJVRSUUZAWJBFO,CYP1A2,19,213,5.796193795
OCNT-0482390,DHEWIZFKFPHWGB,CYP1A2_R19_OCNT-2308635,3,5,0.38271604938271603,0.38271604938271603,OCNT-2308635,RJVRSUUZAWJBFO,CYP1A2,19,213,5.796193795
OCNT-2317512,RBHWHOHULGCWMO,CYP1A2_R19_OCNT-2308635,3,6,0.36619718309859156,0.36619718309859156,OCNT-2308635,RJVRSUUZAWJBFO,CYP1A2,19,213,5.796193795
OCNT-0482578,UUGSDVFMLFYQJR,CYP1A2_R19_OCNT-2308635,3,7,0.35802469135802467,0.35802469135802467,OCNT-2308635,RJVRSUUZAWJBFO,CYP1A2,19,213,5.796193795
OCNT-2310867,WHGJFJLSFMSHAM,CYP1A2_R19_OCNT-2308635,3,8,0.34177215189873417,0.34177215189873417,OCNT-2308635,RJVRSUUZAWJBFO,CYP1A2,19,213,5.796193795
OCNT-0475198,NUPQOHBGNAUKPI,CYP1A2_R19_OCNT-2308635,3,9,0.3411764705882353,0.3411764705882353,OCNT-2308635,RJVRSUUZAWJBFO,CYP1A2,19,213,5.796193795
OCNT-2310442,VTMZRYUXSIFDIG,CYP1A2_R19_OCNT-2308635,3,10,0.3333333333333333,0.3333333333333333,OCNT-2308635,RJVRSUUZAWJBFO,CYP1A2,19,213,5.796193795
OCNT-2315147,CAFOAHPXRAJQAK,CYP1A2_R24_OCNT-2311592,3,1,0.4647887323943662,0.4647887323943662,OCNT-2311592,DIYLEQWUQDMBDH,CYP1A2,24,276,5.68807669
OCNT-0482156,BDQJULGAUTYTLR,CYP1A2_R24_OCNT-2311592,3,2,0.3918918918918919,0.3918918918918919,OCNT-2311592,DIYLEQWUQDMBDH,CYP1A2,24,276,5.68807669
OCNT-0482096,POLTVCNWIBRBIN,CYP1A2_R24_OCNT-2311592,3,3,0.38571428571428573,0.38571428571428573,OCNT-2311592,DIYLEQWUQDMBDH,CYP1A2,24,276,5.68807669
OCNT-0482148,ISQHNTAKNWDIFN,CYP1A2_R24_OCNT-2311592,3,4,0.3835616438356164,0.3835616438356164,OCNT-2311592,DIYLEQWUQDMBDH,CYP1A2,24,276,5.68807669
OCNT-0482146,UMSOGALGNZBZDY,CYP1A2_R24_OCNT-2311592,3,5,0.3783783783783784,0.3783783783783784,OCNT-2311592,DIYLEQWUQDMBDH,CYP1A2,24,276,5.68807669
OCNT-0479249,HJYOKUAYLVOYOT,CYP1A2_R24_OCNT-2311592,3,6,0.36486486486486486,0.36486486486486486,OCNT-2311592,DIYLEQWUQDMBDH,CYP1A2,24,276,5.68807669
OCNT-2311681,HLXPTOWPJDRPRH,CYP1A2_R24_OCNT-2311592,3,7,0.36231884057971014,0.36231884057971014,OCNT-2311592,DIYLEQWUQDMBDH,CYP1A2,24,276,5.68807669
OCNT-0482548,LCEKFJZASJXZAV,CYP1A2_R24_OCNT-2311592,3,8,0.3561643835616438,0.3561643835616438,OCNT-2311592,DIYLEQWUQDMBDH,CYP1A2,24,276,5.68807669
OCNT-2315478,XYEJEKANMDKRRF,CYP1A2_R24_OCNT-2311592,3,9,0.3561643835616438,0.3561643835616438,OCNT-2311592,DIYLEQWUQDMBDH,CYP1A2,24,276,5.68807669
OCNT-0482222,OVTLOSXFOPWNAJ,CYP1A2_R24_OCNT-2311592,3,10,0.35526315789473684,0.35526315789473684,OCNT-2311592,DIYLEQWUQDMBDH,CYP1A2,24,276,5.68807669
OCNT-2313058,YGQRUXKHKRRRPX,CYP2C9_R03_OCNT-2313300,3,1,0.45,0.45,OCNT-2313300,AMGUHAQZHHPZGU,CYP2C9,3,7,6.556153238
OCNT-2318638,LOVRDRMOMCXLJW,CYP2C9_R03_OCNT-2313300,3,2,0.4090909090909091,0.4090909090909091,OCNT-2313300,AMGUHAQZHHPZGU,CYP2C9,3,7,6.556153238
OCNT-2311253,KVYQCPDIBVJAEF,CYP2C9_R03_OCNT-2313300,3,3,0.373134328358209,0.373134328358209,OCNT-2313300,AMGUHAQZHHPZGU,CYP2C9,3,7,6.556153238
OCNT-2314795,WBCFEEVPPONADX,CYP2C9_R03_OCNT-2313300,3,4,0.36363636363636365,0.36363636363636365,OCNT-2313300,AMGUHAQZHHPZGU,CYP2C9,3,7,6.556153238
OCNT-2310161,KGAOPTNPBILCQP,CYP2C9_R03_OCNT-2313300,3,5,0.3484848484848485,0.3484848484848485,OCNT-2313300,AMGUHAQZHHPZGU,CYP2C9,3,7,6.556153238
OCNT-2314135,UHKMGEDTTFFMSI,CYP2C9_R03_OCNT-2313300,3,6,0.3442622950819672,0.3442622950819672,OCNT-2313300,AMGUHAQZHHPZGU,CYP2C9,3,7,6.556153238
OCNT-2309243,OKRBQLXCTWVFIO,CYP2C9_R03_OCNT-2313300,3,7,0.34328358208955223,0.34328358208955223,OCNT-2313300,AMGUHAQZHHPZGU,CYP2C9,3,7,6.556153238
OCNT-2311801,ZGKKTJUHLOHJDN,CYP2C9_R03_OCNT-2313300,3,8,0.34285714285714286,0.34285714285714286,OCNT-2313300,AMGUHAQZHHPZGU,CYP2C9,3,7,6.556153238
OCNT-2314801,MSJUBWSXQQCCCY,CYP2C9_R03_OCNT-2313300,3,9,0.3384615384615385,0.3384615384615385,OCNT-2313300,AMGUHAQZHHPZGU,CYP2C9,3,7,6.556153238
OCNT-2316229,FHAJACFOFHBTNN,CYP2C9_R03_OCNT-2313300,3,10,0.3380281690140845,0.3380281690140845,OCNT-2313300,AMGUHAQZHHPZGU,CYP2C9,3,7,6.556153238
OCNT-2311071,DYUYVURCSOVEDN,CYP2C9_R08_OCNT-2312606,3,1,0.5138888888888888,0.5138888888888888,OCNT-2312606,OPUUOMNWXYQDMA,CYP2C9,8,41,5.9224618
OCNT-0493949,NVDBBGBUTKLRSN,CYP2C9_R08_OCNT-2312606,3,2,0.417910447761194,0.417910447761194,OCNT-2312606,OPUUOMNWXYQDMA,CYP2C9,8,41,5.9224618
OCNT-0022301,FEBOTPHFXYHVPL,CYP2C9_R08_OCNT-2312606,3,3,0.4166666666666667,0.4166666666666667,OCNT-2312606,OPUUOMNWXYQDMA,CYP2C9,8,41,5.9224618
OCNT-2313526,NJETWSWVWMKXSO,CYP2C9_R08_OCNT-2312606,3,4,0.3972602739726027,0.3972602739726027,OCNT-2312606,OPUUOMNWXYQDMA,CYP2C9,8,41,5.9224618
OCNT-0022271,YVUQSNJEYSNKRX,CYP2C9_R08_OCNT-2312606,3,5,0.3835616438356164,0.3835616438356164,OCNT-2312606,OPUUOMNWXYQDMA,CYP2C9,8,41,5.9224618
OCNT-2311887,GHIFDJGPEUVFQM,CYP2C9_R08_OCNT-2312606,3,6,0.35443037974683544,0.35443037974683544,OCNT-2312606,OPUUOMNWXYQDMA,CYP2C9,8,41,5.9224618
OCNT-2315991,OXEBQHUGNKQHBU,CYP2C9_R08_OCNT-2312606,3,7,0.35443037974683544,0.35443037974683544,OCNT-2312606,OPUUOMNWXYQDMA,CYP2C9,8,41,5.9224618
OCNT-2310759,FJRUVLPXIUVCHI,CYP2C9_R08_OCNT-2312606,3,8,0.3466666666666667,0.3466666666666667,OCNT-2312606,OPUUOMNWXYQDMA,CYP2C9,8,41,5.9224618
OCNT-2310904,SALPRQGNBKYGBL,CYP2C9_R08_OCNT-2312606,3,9,0.3466666666666667,0.3466666666666667,OCNT-2312606,OPUUOMNWXYQDMA,CYP2C9,8,41,5.9224618
OCNT-2310834,MLYVEOMHGDYSSG,CYP2C9_R08_OCNT-2312606,3,10,0.3380281690140845,0.3380281690140845,OCNT-2312606,OPUUOMNWXYQDMA,CYP2C9,8,41,5.9224618
OCNT-2309933,NQKQACGDDZDFGL,CYP2C9_R13_OCNT-2315368,3,1,0.5,0.5,OCNT-2315368,FSKSZHRSWMPXOS,CYP2C9,13,73,5.713666525
OCNT-2312595,JVSOGURKRNBPMA,CYP2C9_R13_OCNT-2315368,3,2,0.41975308641975306,0.41975308641975306,OCNT-2315368,FSKSZHRSWMPXOS,CYP2C9,13,73,5.713666525
OCNT-2311993,OXSVLALMOLJRPR,CYP2C9_R13_OCNT-2315368,3,3,0.3950617283950617,0.3950617283950617,OCNT-2315368,FSKSZHRSWMPXOS,CYP2C9,13,73,5.713666525
OCNT-2308550,JCVYGXQQGUWEBI,CYP2C9_R13_OCNT-2315368,3,4,0.38823529411764707,0.38823529411764707,OCNT-2315368,FSKSZHRSWMPXOS,CYP2C9,13,73,5.713666525
OCNT-2317446,LUSTVCBFDWUOOY,CYP2C9_R13_OCNT-2315368,3,5,0.367816091954023,0.367816091954023,OCNT-2315368,FSKSZHRSWMPXOS,CYP2C9,13,73,5.713666525
OCNT-2316464,RVMONIUXPWNMOU,CYP2C9_R13_OCNT-2315368,3,6,0.3563218390804598,0.3563218390804598,OCNT-2315368,FSKSZHRSWMPXOS,CYP2C9,13,73,5.713666525
OCNT-2315554,MCUGARSNQNMCRT,CYP2C9_R13_OCNT-2315368,3,7,0.35555555555555557,0.35555555555555557,OCNT-2315368,FSKSZHRSWMPXOS,CYP2C9,13,73,5.713666525
OCNT-2316252,PQYPFFASSMZDMA,CYP2C9_R13_OCNT-2315368,3,8,0.35365853658536583,0.35365853658536583,OCNT-2315368,FSKSZHRSWMPXOS,CYP2C9,13,73,5.713666525
OCNT-0461353,UTRDNOPSLXRYRQ,CYP2C9_R13_OCNT-2315368,3,9,0.3522727272727273,0.3522727272727273,OCNT-2315368,FSKSZHRSWMPXOS,CYP2C9,13,73,5.713666525
OCNT-2314570,VYPAFGXRKCBKND,CYP2C9_R13_OCNT-2315368,3,10,0.34831460674157305,0.34831460674157305,OCNT-2315368,FSKSZHRSWMPXOS,CYP2C9,13,73,5.713666525
OCNT-2314833,ZTGPOQMDDOIOQA,CYP2C9_R18_OCNT-2315528,3,1,0.5303030303030303,0.5303030303030303,OCNT-2315528,RULZEKFPEFTQEF,CYP2C9,18,117,5.558461777
OCNT-2314426,VCMKSSBMBMRMSH,CYP2C9_R18_OCNT-2315528,3,2,0.5217391304347826,0.5217391304347826,OCNT-2315528,RULZEKFPEFTQEF,CYP2C9,18,117,5.558461777
OCNT-2312209,ZVTQUKGFXAZXSS,CYP2C9_R18_OCNT-2315528,3,3,0.43283582089552236,0.43283582089552236,OCNT-2315528,RULZEKFPEFTQEF,CYP2C9,18,117,5.558461777
OCNT-2309284,UJKUYOWKJWNSKP,CYP2C9_R18_OCNT-2315528,3,4,0.4305555555555556,0.4305555555555556,OCNT-2315528,RULZEKFPEFTQEF,CYP2C9,18,117,5.558461777
OCNT-2308810,JGLRPGXNNHQDGO,CYP2C9_R18_OCNT-2315528,3,5,0.39473684210526316,0.39473684210526316,OCNT-2315528,RULZEKFPEFTQEF,CYP2C9,18,117,5.558461777
OCNT-2315217,QJMQWXOGIDMYJR,CYP2C9_R18_OCNT-2315528,3,6,0.38271604938271603,0.38271604938271603,OCNT-2315528,RULZEKFPEFTQEF,CYP2C9,18,117,5.558461777
OCNT-2313239,QLSLQEHBFFZZSD,CYP2C9_R18_OCNT-2315528,3,7,0.3684210526315789,0.3684210526315789,OCNT-2315528,RULZEKFPEFTQEF,CYP2C9,18,117,5.558461777
OCNT-2317347,BYQXMJFFQMJEPC,CYP2C9_R18_OCNT-2315528,3,8,0.3684210526315789,0.3684210526315789,OCNT-2315528,RULZEKFPEFTQEF,CYP2C9,18,117,5.558461777
OCNT-2311918,LLUZHZALVKLRDA,CYP2C9_R18_OCNT-2315528,3,9,0.35714285714285715,0.35714285714285715,OCNT-2315528,RULZEKFPEFTQEF,CYP2C9,18,117,5.558461777
OCNT-2315805,FBOWIAGTHUDLQI,CYP2C9_R18_OCNT-2315528,3,10,0.35526315789473684,0.35526315789473684,OCNT-2315528,RULZEKFPEFTQEF,CYP2C9,18,117,5.558461777
OCNT-2315311,KMRXIPIOAUJDBO,CYP2C9_R23_OCNT-2312797,3,1,0.6060606060606061,0.6060606060606061,OCNT-2312797,TVKZNKKPKLGLKN,CYP2C9,23,224,5.292960675
OCNT-2395435,DXLJVPKHMCRJMN,CYP2C9_R23_OCNT-2312797,3,2,0.4117647058823529,0.4117647058823529,OCNT-2312797,TVKZNKKPKLGLKN,CYP2C9,23,224,5.292960675
OCNT-2313792,UFRFFDWQHAVRIU,CYP2C9_R23_OCNT-2312797,3,3,0.4027777777777778,0.4027777777777778,OCNT-2312797,TVKZNKKPKLGLKN,CYP2C9,23,224,5.292960675
OCNT-2311159,FDSRNEIFNNTKBW,CYP2C9_R23_OCNT-2312797,3,4,0.39759036144578314,0.39759036144578314,OCNT-2312797,TVKZNKKPKLGLKN,CYP2C9,23,224,5.292960675
OCNT-2395401,YICSFNCAIRPWQX,CYP2C9_R23_OCNT-2312797,3,5,0.39705882352941174,0.39705882352941174,OCNT-2312797,TVKZNKKPKLGLKN,CYP2C9,23,224,5.292960675
OCNT-2395542,GAIWOBVHIKIOHU,CYP2C9_R23_OCNT-2312797,3,6,0.3918918918918919,0.3918918918918919,OCNT-2312797,TVKZNKKPKLGLKN,CYP2C9,23,224,5.292960675
OCNT-2395693,KABBEWDXVKIGSN,CYP2C9_R23_OCNT-2312797,3,7,0.3835616438356164,0.3835616438356164,OCNT-2312797,TVKZNKKPKLGLKN,CYP2C9,23,224,5.292960675
OCNT-2395705,XQZLQFCGPSJOGX,CYP2C9_R23_OCNT-2312797,3,8,0.3815789473684211,0.3815789473684211,OCNT-2312797,TVKZNKKPKLGLKN,CYP2C9,23,224,5.292960675
OCNT-2310716,BZLXGFYLRNUUNG,CYP2C9_R23_OCNT-2312797,3,9,0.37333333333333335,0.37333333333333335,OCNT-2312797,TVKZNKKPKLGLKN,CYP2C9,23,224,5.292960675
OCNT-2395689,HLGONRSHXFEINO,CYP2C9_R23_OCNT-2312797,3,10,0.37333333333333335,0.37333333333333335,OCNT-2312797,TVKZNKKPKLGLKN,CYP2C9,23,224,5.292960675
OCNT-2310433,TUTNRJIYQDWINN,CYP3A4_R02_OCNT-2312554,3,1,0.4583333333333333,0.4583333333333333,OCNT-2312554,KUZJQXDTEWOIEK,CYP3A4,2,2,6.936491525
OCNT-2308706,LPAPGSISEAYHFM,CYP3A4_R02_OCNT-2312554,3,2,0.4225352112676056,0.4225352112676056,OCNT-2312554,KUZJQXDTEWOIEK,CYP3A4,2,2,6.936491525
OCNT-2317109,FIEONCCMRCBAFY,CYP3A4_R02_OCNT-2312554,3,3,0.4166666666666667,0.4166666666666667,OCNT-2312554,KUZJQXDTEWOIEK,CYP3A4,2,2,6.936491525
OCNT-2310639,MSMMDODZVKXGBJ,CYP3A4_R02_OCNT-2312554,3,4,0.3875,0.3875,OCNT-2312554,KUZJQXDTEWOIEK,CYP3A4,2,2,6.936491525
OCNT-2310061,QVXOTODHQDGDHT,CYP3A4_R02_OCNT-2312554,3,5,0.379746835443038,0.379746835443038,OCNT-2312554,KUZJQXDTEWOIEK,CYP3A4,2,2,6.936491525
OCNT-2308520,FVRLQWKIQOWWAO,CYP3A4_R02_OCNT-2312554,3,6,0.37662337662337664,0.37662337662337664,OCNT-2312554,KUZJQXDTEWOIEK,CYP3A4,2,2,6.936491525
OCNT-2310555,NOCBHRIGICTARN,CYP3A4_R02_OCNT-2312554,3,7,0.37662337662337664,0.37662337662337664,OCNT-2312554,KUZJQXDTEWOIEK,CYP3A4,2,2,6.936491525
OCNT-2315535,OFISZVIUONZGOX,CYP3A4_R02_OCNT-2312554,3,8,0.3684210526315789,0.3684210526315789,OCNT-2312554,KUZJQXDTEWOIEK,CYP3A4,2,2,6.936491525
OCNT-2395697,AVVYSOUEAQUFBT,CYP3A4_R02_OCNT-2312554,3,9,0.35526315789473684,0.35526315789473684,OCNT-2312554,KUZJQXDTEWOIEK,CYP3A4,2,2,6.936491525
OCNT-2317504,DOAQIMHBTYEUKO,CYP3A4_R02_OCNT-2312554,3,10,0.35135135135135137,0.35135135135135137,OCNT-2312554,KUZJQXDTEWOIEK,CYP3A4,2,2,6.936491525
OCNT-2395503,FXQKJJSIQNYRBJ,CYP3A4_R07_OCNT-2395424,3,1,0.5862068965517241,0.5862068965517241,OCNT-2395424,GPOMWJIXDFQRTL,CYP3A4,7,13,6.376078055
OCNT-2317538,UPXGGHRKRPLSDF,CYP3A4_R07_OCNT-2395424,3,2,0.546875,0.546875,OCNT-2395424,GPOMWJIXDFQRTL,CYP3A4,7,13,6.376078055
OCNT-2314688,ULOBBAQXDYDAIA,CYP3A4_R07_OCNT-2395424,3,3,0.5423728813559322,0.5423728813559322,OCNT-2395424,GPOMWJIXDFQRTL,CYP3A4,7,13,6.376078055
OCNT-2395539,BPADRNNGDARJRJ,CYP3A4_R07_OCNT-2395424,3,4,0.5230769230769231,0.5230769230769231,OCNT-2395424,GPOMWJIXDFQRTL,CYP3A4,7,13,6.376078055
OCNT-2308842,FQCKBCZETREUQU,CYP3A4_R07_OCNT-2395424,3,5,0.45161290322580644,0.45161290322580644,OCNT-2395424,GPOMWJIXDFQRTL,CYP3A4,7,13,6.376078055
OCNT-2395347,VFOKDQSYBFQYDW,CYP3A4_R07_OCNT-2395424,3,6,0.4411764705882353,0.4411764705882353,OCNT-2395424,GPOMWJIXDFQRTL,CYP3A4,7,13,6.376078055
OCNT-2316908,VZECTGAGCXACIK,CYP3A4_R07_OCNT-2395424,3,7,0.3787878787878788,0.3787878787878788,OCNT-2395424,GPOMWJIXDFQRTL,CYP3A4,7,13,6.376078055
OCNT-2311028,MQXPCGHXWRPKCK,CYP3A4_R07_OCNT-2395424,3,8,0.36363636363636365,0.36363636363636365,OCNT-2395424,GPOMWJIXDFQRTL,CYP3A4,7,13,6.376078055
OCNT-2316998,GRHZJBLCVLGTBX,CYP3A4_R07_OCNT-2395424,3,9,0.35294117647058826,0.35294117647058826,OCNT-2395424,GPOMWJIXDFQRTL,CYP3A4,7,13,6.376078055
OCNT-2309415,SZIZNFZWYZMKGP,CYP3A4_R07_OCNT-2395424,3,10,0.352112676056338,0.352112676056338,OCNT-2395424,GPOMWJIXDFQRTL,CYP3A4,7,13,6.376078055
OCNT-0497557,SCFJMQSXUCFKPS,CYP3A4_R12_OCNT-2311697,3,1,0.44642857142857145,0.44642857142857145,OCNT-2311697,CQJUDZMQLRQERA,CYP3A4,12,43,6.006745022
OCNT-2310977,IGPQJBRCRUOAGN,CYP3A4_R12_OCNT-2311697,3,2,0.43283582089552236,0.43283582089552236,OCNT-2311697,CQJUDZMQLRQERA,CYP3A4,12,43,6.006745022
OCNT-2314691,NXBAEKZVCZWXNN,CYP3A4_R12_OCNT-2311697,3,3,0.4225352112676056,0.4225352112676056,OCNT-2311697,CQJUDZMQLRQERA,CYP3A4,12,43,6.006745022
OCNT-2318639,MNPGBPBPRIRZDE,CYP3A4_R12_OCNT-2311697,3,4,0.4084507042253521,0.4084507042253521,OCNT-2311697,CQJUDZMQLRQERA,CYP3A4,12,43,6.006745022
OCNT-2312441,AFKZBAIFJMEXMU,CYP3A4_R12_OCNT-2311697,3,5,0.40298507462686567,0.40298507462686567,OCNT-2311697,CQJUDZMQLRQERA,CYP3A4,12,43,6.006745022
OCNT-2395626,FJEVQIGXOVBKCK,CYP3A4_R12_OCNT-2311697,3,6,0.39705882352941174,0.39705882352941174,OCNT-2311697,CQJUDZMQLRQERA,CYP3A4,12,43,6.006745022
OCNT-2317208,DSLZMQBZYLSBTB,CYP3A4_R12_OCNT-2311697,3,7,0.39436619718309857,0.39436619718309857,OCNT-2311697,CQJUDZMQLRQERA,CYP3A4,12,43,6.006745022
OCNT-2310005,HPEDZJJEGPOZNI,CYP3A4_R12_OCNT-2311697,3,8,0.3880597014925373,0.3880597014925373,OCNT-2311697,CQJUDZMQLRQERA,CYP3A4,12,43,6.006745022
OCNT-2317105,WJZHHMLLNOOCCB,CYP3A4_R12_OCNT-2311697,3,9,0.3880597014925373,0.3880597014925373,OCNT-2311697,CQJUDZMQLRQERA,CYP3A4,12,43,6.006745022
OCNT-2317841,VQFKXIXXWKFPFJ,CYP3A4_R12_OCNT-2311697,3,10,0.38235294117647056,0.38235294117647056,OCNT-2311697,CQJUDZMQLRQERA,CYP3A4,12,43,6.006745022
OCNT-2395758,VGKTZOSSNOYRLG,CYP3A4_R17_OCNT-2316432,3,1,0.74,0.74,OCNT-2316432,CCFPURFYUXRBIA,CYP3A4,17,52,5.955409647
OCNT-2395690,JLOUEWPKMPUJBL,CYP3A4_R17_OCNT-2316432,3,2,0.6981132075471698,0.6981132075471698,OCNT-2316432,CCFPURFYUXRBIA,CYP3A4,17,52,5.955409647
OCNT-2395541,UKXDNQVGUXFCMX,CYP3A4_R17_OCNT-2316432,3,3,0.6140350877192983,0.6140350877192983,OCNT-2316432,CCFPURFYUXRBIA,CYP3A4,17,52,5.955409647
OCNT-2395796,FUKVXEGKZLQFNL,CYP3A4_R17_OCNT-2316432,3,4,0.6140350877192983,0.6140350877192983,OCNT-2316432,CCFPURFYUXRBIA,CYP3A4,17,52,5.955409647
OCNT-2395327,PBZGCLVVCQILOX,CYP3A4_R17_OCNT-2316432,3,5,0.5892857142857143,0.5892857142857143,OCNT-2316432,CCFPURFYUXRBIA,CYP3A4,17,52,5.955409647
OCNT-2395607,RFCVVICONKLKDS,CYP3A4_R17_OCNT-2316432,3,6,0.5737704918032787,0.5737704918032787,OCNT-2316432,CCFPURFYUXRBIA,CYP3A4,17,52,5.955409647
OCNT-2395546,LHVZLEPXLOJWSU,CYP3A4_R17_OCNT-2316432,3,7,0.5689655172413793,0.5689655172413793,OCNT-2316432,CCFPURFYUXRBIA,CYP3A4,17,52,5.955409647
OCNT-2395725,QTFAXBVQCAYEKF,CYP3A4_R17_OCNT-2316432,3,8,0.5689655172413793,0.5689655172413793,OCNT-2316432,CCFPURFYUXRBIA,CYP3A4,17,52,5.955409647
OCNT-2395527,IXFFHUDQCVBCGR,CYP3A4_R17_OCNT-2316432,3,9,0.5306122448979592,0.5306122448979592,OCNT-2316432,CCFPURFYUXRBIA,CYP3A4,17,52,5.955409647
OCNT-2395363,QCADNHVJUJASRH,CYP3A4_R17_OCNT-2316432,3,10,0.4827586206896552,0.4827586206896552,OCNT-2316432,CCFPURFYUXRBIA,CYP3A4,17,52,5.955409647
OCNT-2395675,RUTPHZIFPKYSDE,CYP3A4_R22_OCNT-2311117,3,1,0.6229508196721312,0.6229508196721312,OCNT-2311117,LRJOBFZNWOVETF,CYP3A4,22,98,5.746158982
OCNT-2395667,XMCDHOWLCPYRIE,CYP3A4_R22_OCNT-2311117,3,2,0.5396825396825397,0.5396825396825397,OCNT-2311117,LRJOBFZNWOVETF,CYP3A4,22,98,5.746158982
OCNT-2395679,RNTZGPVNVXBBDD,CYP3A4_R22_OCNT-2311117,3,3,0.5384615384615384,0.5384615384615384,OCNT-2311117,LRJOBFZNWOVETF,CYP3A4,22,98,5.746158982
OCNT-2395673,BUUYZXXQVCAQCR,CYP3A4_R22_OCNT-2311117,3,4,0.5303030303030303,0.5303030303030303,OCNT-2311117,LRJOBFZNWOVETF,CYP3A4,22,98,5.746158982
OCNT-2395417,WGZYAWPDCLTPSI,CYP3A4_R22_OCNT-2311117,3,5,0.5230769230769231,0.5230769230769231,OCNT-2311117,LRJOBFZNWOVETF,CYP3A4,22,98,5.746158982
OCNT-2395663,AZHXIZBFCJDPTB,CYP3A4_R22_OCNT-2311117,3,6,0.484375,0.484375,OCNT-2311117,LRJOBFZNWOVETF,CYP3A4,22,98,5.746158982
OCNT-2395610,PNSZESMBEQEHIA,CYP3A4_R22_OCNT-2311117,3,7,0.47692307692307695,0.47692307692307695,OCNT-2311117,LRJOBFZNWOVETF,CYP3A4,22,98,5.746158982
OCNT-2395413,KQEICCLPAAAHRO,CYP3A4_R22_OCNT-2311117,3,8,0.47058823529411764,0.47058823529411764,OCNT-2311117,LRJOBFZNWOVETF,CYP3A4,22,98,5.746158982
OCNT-2395671,FWDPBSHOGVZHJC,CYP3A4_R22_OCNT-2311117,3,9,0.4696969696969697,0.4696969696969697,OCNT-2311117,LRJOBFZNWOVETF,CYP3A4,22,98,5.746158982
OCNT-2395647,LIWVRHHQTXPNEF,CYP3A4_R22_OCNT-2311117,3,10,0.42424242424242425,0.42424242424242425,OCNT-2311117,LRJOBFZNWOVETF,CYP3A4,22,98,5.746158982
OCNT-2310901,HDXXWIMMIYDYQO,CYP1A2_R05_OCNT-2310298,4,1,0.3787878787878788,0.3787878787878788,OCNT-2310298,HPVSJVHVZJIGJT,CYP1A2,5,25,6.93558928
OCNT-0493997,KLWWLRRDDYPSEM,CYP1A2_R05_OCNT-2310298,4,2,0.375,0.375,OCNT-2310298,HPVSJVHVZJIGJT,CYP1A2,5,25,6.93558928
OCNT-2315700,GKQIHKQBYDZVAO,CYP1A2_R05_OCNT-2310298,4,3,0.375,0.375,OCNT-2310298,HPVSJVHVZJIGJT,CYP1A2,5,25,6.93558928
OCNT-0478597,WKRCOZSCENDENK,CYP1A2_R05_OCNT-2310298,4,4,0.35714285714285715,0.35714285714285715,OCNT-2310298,HPVSJVHVZJIGJT,CYP1A2,5,25,6.93558928
OCNT-2317130,PBUCVFFCPCFPAI,CYP1A2_R05_OCNT-2310298,4,5,0.35526315789473684,0.35526315789473684,OCNT-2310298,HPVSJVHVZJIGJT,CYP1A2,5,25,6.93558928
OCNT-2315734,VYZSNRUMPKDNLT,CYP1A2_R05_OCNT-2310298,4,6,0.352112676056338,0.352112676056338,OCNT-2310298,HPVSJVHVZJIGJT,CYP1A2,5,25,6.93558928
OCNT-2317195,SDEJVIVIPUCEPS,CYP1A2_R05_OCNT-2310298,4,7,0.352112676056338,0.352112676056338,OCNT-2310298,HPVSJVHVZJIGJT,CYP1A2,5,25,6.93558928
OCNT-2315948,OXQOIQHDEIKJRI,CYP1A2_R05_OCNT-2310298,4,8,0.35064935064935066,0.35064935064935066,OCNT-2310298,HPVSJVHVZJIGJT,CYP1A2,5,25,6.93558928
OCNT-2310463,JOKFLBUKTHIUOP,CYP1A2_R05_OCNT-2310298,4,9,0.34782608695652173,0.34782608695652173,OCNT-2310298,HPVSJVHVZJIGJT,CYP1A2,5,25,6.93558928
OCNT-2313394,XFTNGEBQFBGWPZ,CYP1A2_R05_OCNT-2310298,4,10,0.3472222222222222,0.3472222222222222,OCNT-2310298,HPVSJVHVZJIGJT,CYP1A2,5,25,6.93558928
OCNT-2317157,PGGFMAVEISSGQG,CYP1A2_R10_OCNT-2308998,4,1,0.4918032786885246,0.4918032786885246,OCNT-2308998,SMUXAFUMKFMQDV,CYP1A2,10,84,6.262584408
OCNT-2310117,NCWLJEVSBCJHNM,CYP1A2_R10_OCNT-2308998,4,2,0.4576271186440678,0.4576271186440678,OCNT-2308998,SMUXAFUMKFMQDV,CYP1A2,10,84,6.262584408
OCNT-2313520,DXYSPHKBHCXQEK,CYP1A2_R10_OCNT-2308998,4,3,0.417910447761194,0.417910447761194,OCNT-2308998,SMUXAFUMKFMQDV,CYP1A2,10,84,6.262584408
OCNT-2315667,BKSHJYAEWVGUJX,CYP1A2_R10_OCNT-2308998,4,4,0.4166666666666667,0.4166666666666667,OCNT-2308998,SMUXAFUMKFMQDV,CYP1A2,10,84,6.262584408
OCNT-2318561,RGZHJDLYBPQKIJ,CYP1A2_R10_OCNT-2308998,4,5,0.3698630136986301,0.3698630136986301,OCNT-2308998,SMUXAFUMKFMQDV,CYP1A2,10,84,6.262584408
OCNT-2313177,FRXIOYNYLCVQGU,CYP1A2_R10_OCNT-2308998,4,6,0.359375,0.359375,OCNT-2308998,SMUXAFUMKFMQDV,CYP1A2,10,84,6.262584408
OCNT-2317688,ADCRROSQMSVSQW,CYP1A2_R10_OCNT-2308998,4,7,0.35294117647058826,0.35294117647058826,OCNT-2308998,SMUXAFUMKFMQDV,CYP1A2,10,84,6.262584408
OCNT-2311971,GLFWAGLXPAJCLJ,CYP1A2_R10_OCNT-2308998,4,8,0.3484848484848485,0.3484848484848485,OCNT-2308998,SMUXAFUMKFMQDV,CYP1A2,10,84,6.262584408
OCNT-2310824,CFCGQLSDFTVXKM,CYP1A2_R10_OCNT-2308998,4,9,0.3333333333333333,0.3333333333333333,OCNT-2308998,SMUXAFUMKFMQDV,CYP1A2,10,84,6.262584408
OCNT-2315093,NNYMFTQOHMHWPE,CYP1A2_R10_OCNT-2308998,4,10,0.3333333333333333,0.3333333333333333,OCNT-2308998,SMUXAFUMKFMQDV,CYP1A2,10,84,6.262584408
OCNT-0494198,IAJDPLVEAODVRN,CYP1A2_R15_OCNT-2314977,4,1,0.3793103448275862,0.3793103448275862,OCNT-2314977,IKLROGGBSVRPBV,CYP1A2,15,181,5.870257998
OCNT-0479500,YXNNRZXBXMVHAG,CYP1A2_R15_OCNT-2314977,4,2,0.375,0.375,OCNT-2314977,IKLROGGBSVRPBV,CYP1A2,15,181,5.870257998
OCNT-2308698,MXXXXMGDCZIZBB,CYP1A2_R15_OCNT-2314977,4,3,0.3611111111111111,0.3611111111111111,OCNT-2314977,IKLROGGBSVRPBV,CYP1A2,15,181,5.870257998
OCNT-0475117,CTEAKCBPNXPVHR,CYP1A2_R15_OCNT-2314977,4,4,0.35802469135802467,0.35802469135802467,OCNT-2314977,IKLROGGBSVRPBV,CYP1A2,15,181,5.870257998
OCNT-0479188,QYBGQUNKIKLONI,CYP1A2_R15_OCNT-2314977,4,5,0.35526315789473684,0.35526315789473684,OCNT-2314977,IKLROGGBSVRPBV,CYP1A2,15,181,5.870257998
OCNT-0479245,DSWJFBKNAGDULT,CYP1A2_R15_OCNT-2314977,4,6,0.34285714285714286,0.34285714285714286,OCNT-2314977,IKLROGGBSVRPBV,CYP1A2,15,181,5.870257998
OCNT-2312756,MPWXVPGXQJXPCR,CYP1A2_R15_OCNT-2314977,4,7,0.3382352941176471,0.3382352941176471,OCNT-2314977,IKLROGGBSVRPBV,CYP1A2,15,181,5.870257998
OCNT-2312892,RROMXXKPNPHXSO,CYP1A2_R15_OCNT-2314977,4,8,0.3382352941176471,0.3382352941176471,OCNT-2314977,IKLROGGBSVRPBV,CYP1A2,15,181,5.870257998
OCNT-0479247,BTTYIMBOILEUCO,CYP1A2_R15_OCNT-2314977,4,9,0.3380281690140845,0.3380281690140845,OCNT-2314977,IKLROGGBSVRPBV,CYP1A2,15,181,5.870257998
OCNT-2312833,MDLWJGRDRCYXTI,CYP1A2_R15_OCNT-2314977,4,10,0.3333333333333333,0.3333333333333333,OCNT-2314977,IKLROGGBSVRPBV,CYP1A2,15,181,5.870257998
OCNT-0022315,HRRBJVNMSRJFHQ,CYP1A2_R20_OCNT-0018684,4,1,0.48148148148148145,0.48148148148148145,OCNT-0018684,AQHHHDLHHXJYJD,CYP1A2,20,224,5.783014945
OCNT-2328748,DURULFYMVIFBIR,CYP1A2_R20_OCNT-0018684,4,2,0.4489795918367347,0.4489795918367347,OCNT-0018684,AQHHHDLHHXJYJD,CYP1A2,20,224,5.783014945
OCNT-2328840,HSRJKNPTNIJEKV,CYP1A2_R20_OCNT-0018684,4,3,0.4090909090909091,0.4090909090909091,OCNT-0018684,AQHHHDLHHXJYJD,CYP1A2,20,224,5.783014945
OCNT-2328886,XLOYQLAMNLMXCE,CYP1A2_R20_OCNT-0018684,4,4,0.4090909090909091,0.4090909090909091,OCNT-0018684,AQHHHDLHHXJYJD,CYP1A2,20,224,5.783014945
OCNT-2328546,OGHNVEJMJSYVRP,CYP1A2_R20_OCNT-0018684,4,5,0.4067796610169492,0.4067796610169492,OCNT-0018684,AQHHHDLHHXJYJD,CYP1A2,20,224,5.783014945
OCNT-2328784,CVXBEEMKQHEXEN,CYP1A2_R20_OCNT-0018684,4,6,0.4,0.4,OCNT-0018684,AQHHHDLHHXJYJD,CYP1A2,20,224,5.783014945
OCNT-2328446,SSMSBSWKLKKXGG,CYP1A2_R20_OCNT-0018684,4,7,0.3695652173913043,0.3695652173913043,OCNT-0018684,AQHHHDLHHXJYJD,CYP1A2,20,224,5.783014945
OCNT-2328864,ZEUITGRIYCTCEM,CYP1A2_R20_OCNT-0018684,4,8,0.36363636363636365,0.36363636363636365,OCNT-0018684,AQHHHDLHHXJYJD,CYP1A2,20,224,5.783014945
OCNT-0381046,JWHAUXFOSRPERK,CYP1A2_R20_OCNT-0018684,4,9,0.3559322033898305,0.3559322033898305,OCNT-0018684,AQHHHDLHHXJYJD,CYP1A2,20,224,5.783014945
OCNT-2328323,XYCMOTOFHFTUIU,CYP1A2_R20_OCNT-0018684,4,10,0.33962264150943394,0.33962264150943394,OCNT-0018684,AQHHHDLHHXJYJD,CYP1A2,20,224,5.783014945
OCNT-0479588,AQOUKOIMAVOMON,CYP1A2_R25_OCNT-0478585,4,1,0.5476190476190477,0.5476190476190477,OCNT-0478585,YLJREFDVOIBQDA,CYP1A2,25,324,5.595434417
OCNT-2328688,XJGFWWJLMVZSIG,CYP1A2_R25_OCNT-0478585,4,2,0.5333333333333333,0.5333333333333333,OCNT-0478585,YLJREFDVOIBQDA,CYP1A2,25,324,5.595434417
OCNT-0479195,SJSOYOMGDAHJAW,CYP1A2_R25_OCNT-0478585,4,3,0.4489795918367347,0.4489795918367347,OCNT-0478585,YLJREFDVOIBQDA,CYP1A2,25,324,5.595434417
OCNT-0494151,MWKFPUUBWYOUJG,CYP1A2_R25_OCNT-0478585,4,4,0.4230769230769231,0.4230769230769231,OCNT-0478585,YLJREFDVOIBQDA,CYP1A2,25,324,5.595434417
OCNT-2313047,DDEASTSDYSMDBB,CYP1A2_R25_OCNT-0478585,4,5,0.41509433962264153,0.41509433962264153,OCNT-0478585,YLJREFDVOIBQDA,CYP1A2,25,324,5.595434417
OCNT-0479263,RUMIJLFNXPYRCD,CYP1A2_R25_OCNT-0478585,4,6,0.39622641509433965,0.39622641509433965,OCNT-0478585,YLJREFDVOIBQDA,CYP1A2,25,324,5.595434417
OCNT-0454840,MRCLYVICBJPCRU,CYP1A2_R25_OCNT-0478585,4,7,0.39285714285714285,0.39285714285714285,OCNT-0478585,YLJREFDVOIBQDA,CYP1A2,25,324,5.595434417
OCNT-0497478,MTBWFZLNRWUGNK,CYP1A2_R25_OCNT-0478585,4,8,0.3684210526315789,0.3684210526315789,OCNT-0478585,YLJREFDVOIBQDA,CYP1A2,25,324,5.595434417
OCNT-0479253,FLCAWBBMFDEJBU,CYP1A2_R25_OCNT-0478585,4,9,0.3442622950819672,0.3442622950819672,OCNT-0478585,YLJREFDVOIBQDA,CYP1A2,25,324,5.595434417
OCNT-0479283,DSIJVDPSQMKYRZ,CYP1A2_R25_OCNT-0478585,4,10,0.33962264150943394,0.33962264150943394,OCNT-0478585,YLJREFDVOIBQDA,CYP1A2,25,324,5.595434417
OCNT-2315622,BBTVLMOJYYJLAN,CYP2C9_R04_OCNT-2316040,4,1,0.4788732394366197,0.4788732394366197,OCNT-2316040,SUJSYOFYNXGWMI,CYP2C9,4,16,6.298419715
OCNT-2315191,ADXRQUBBOLTEOW,CYP2C9_R04_OCNT-2316040,4,2,0.4594594594594595,0.4594594594594595,OCNT-2316040,SUJSYOFYNXGWMI,CYP2C9,4,16,6.298419715
OCNT-2316247,QFYYABUCQMXEAW,CYP2C9_R04_OCNT-2316040,4,3,0.4383561643835616,0.4383561643835616,OCNT-2316040,SUJSYOFYNXGWMI,CYP2C9,4,16,6.298419715
OCNT-2310875,LVMMPXSCGLEWBU,CYP2C9_R04_OCNT-2316040,4,4,0.43661971830985913,0.43661971830985913,OCNT-2316040,SUJSYOFYNXGWMI,CYP2C9,4,16,6.298419715
OCNT-2316560,KYICTTNXSVXRGU,CYP2C9_R04_OCNT-2316040,4,5,0.4266666666666667,0.4266666666666667,OCNT-2316040,SUJSYOFYNXGWMI,CYP2C9,4,16,6.298419715
OCNT-2311724,BDFIQPRMLMCODG,CYP2C9_R04_OCNT-2316040,4,6,0.4189189189189189,0.4189189189189189,OCNT-2316040,SUJSYOFYNXGWMI,CYP2C9,4,16,6.298419715
OCNT-2314127,ZWKPLPQOZQTTCU,CYP2C9_R04_OCNT-2316040,4,7,0.4189189189189189,0.4189189189189189,OCNT-2316040,SUJSYOFYNXGWMI,CYP2C9,4,16,6.298419715
OCNT-2311731,VWXNHHNSTRKTRD,CYP2C9_R04_OCNT-2316040,4,8,0.41333333333333333,0.41333333333333333,OCNT-2316040,SUJSYOFYNXGWMI,CYP2C9,4,16,6.298419715
OCNT-2311823,BXVZTCGLMPJMGU,CYP2C9_R04_OCNT-2316040,4,9,0.4,0.4,OCNT-2316040,SUJSYOFYNXGWMI,CYP2C9,4,16,6.298419715
OCNT-2311962,SIFZUHAWIFVZQI,CYP2C9_R04_OCNT-2316040,4,10,0.3972602739726027,0.3972602739726027,OCNT-2316040,SUJSYOFYNXGWMI,CYP2C9,4,16,6.298419715
OCNT-0496032,VORBWNVMSMVSMS,CYP2C9_R09_OCNT-2313901,4,1,0.45098039215686275,0.45098039215686275,OCNT-2313901,MEUXVMNOWUHXPO,CYP2C9,9,42,5.916701148
OCNT-2318059,LGBXJZIKTPOPEY,CYP2C9_R09_OCNT-2313901,4,2,0.43137254901960786,0.43137254901960786,OCNT-2313901,MEUXVMNOWUHXPO,CYP2C9,9,42,5.916701148
OCNT-2313609,CQPLNKWKAKVWTP,CYP2C9_R09_OCNT-2313901,4,3,0.42592592592592593,0.42592592592592593,OCNT-2313901,MEUXVMNOWUHXPO,CYP2C9,9,42,5.916701148
OCNT-2395550,FPVJEBYTZBVJCI,CYP2C9_R09_OCNT-2313901,4,4,0.41509433962264153,0.41509433962264153,OCNT-2313901,MEUXVMNOWUHXPO,CYP2C9,9,42,5.916701148
OCNT-2316093,GGQJTMVJNYFFAV,CYP2C9_R09_OCNT-2313901,4,5,0.41379310344827586,0.41379310344827586,OCNT-2313901,MEUXVMNOWUHXPO,CYP2C9,9,42,5.916701148
OCNT-2395686,CSAVRAYPCFIKJD,CYP2C9_R09_OCNT-2313901,4,6,0.40425531914893614,0.40425531914893614,OCNT-2313901,MEUXVMNOWUHXPO,CYP2C9,9,42,5.916701148
OCNT-2395317,XPWTVFAVHOTZIJ,CYP2C9_R09_OCNT-2313901,4,7,0.39215686274509803,0.39215686274509803,OCNT-2313901,MEUXVMNOWUHXPO,CYP2C9,9,42,5.916701148
OCNT-2313293,VYRTUGVAQZIPMP,CYP2C9_R09_OCNT-2313901,4,8,0.3888888888888889,0.3888888888888889,OCNT-2313901,MEUXVMNOWUHXPO,CYP2C9,9,42,5.916701148
OCNT-2395328,WVOZCIQIUNFGBG,CYP2C9_R09_OCNT-2313901,4,9,0.38596491228070173,0.38596491228070173,OCNT-2313901,MEUXVMNOWUHXPO,CYP2C9,9,42,5.916701148
OCNT-2395439,TYZSFHHKSSQPJU,CYP2C9_R09_OCNT-2313901,4,10,0.38,0.38,OCNT-2313901,MEUXVMNOWUHXPO,CYP2C9,9,42,5.916701148
OCNT-2315974,MSPLSQKCPNGXFQ,CYP2C9_R14_OCNT-2310760,4,1,0.532258064516129,0.532258064516129,OCNT-2310760,DPLKWDRKFGHJOW,CYP2C9,14,74,5.711140555
OCNT-0475205,RRPRWRSJUGGBHT,CYP2C9_R14_OCNT-2310760,4,2,0.4444444444444444,0.4444444444444444,OCNT-2310760,DPLKWDRKFGHJOW,CYP2C9,14,74,5.711140555
OCNT-2314946,QHHTXVIQZKULHO,CYP2C9_R14_OCNT-2310760,4,3,0.43548387096774194,0.43548387096774194,OCNT-2310760,DPLKWDRKFGHJOW,CYP2C9,14,74,5.711140555
OCNT-2308710,WHDFCOKAEBTKOH,CYP2C9_R14_OCNT-2310760,4,4,0.38461538461538464,0.38461538461538464,OCNT-2310760,DPLKWDRKFGHJOW,CYP2C9,14,74,5.711140555
OCNT-0460225,KERJANGCYLGSSD,CYP2C9_R14_OCNT-2310760,4,5,0.36619718309859156,0.36619718309859156,OCNT-2310760,DPLKWDRKFGHJOW,CYP2C9,14,74,5.711140555
OCNT-2309325,SENUHVDQDVFBIN,CYP2C9_R14_OCNT-2310760,4,6,0.36363636363636365,0.36363636363636365,OCNT-2310760,DPLKWDRKFGHJOW,CYP2C9,14,74,5.711140555
OCNT-2310910,APVVXJIVTKDFLO,CYP2C9_R14_OCNT-2310760,4,7,0.35714285714285715,0.35714285714285715,OCNT-2310760,DPLKWDRKFGHJOW,CYP2C9,14,74,5.711140555
OCNT-2313254,HOHUAUMULAZGEZ,CYP2C9_R14_OCNT-2310760,4,8,0.35294117647058826,0.35294117647058826,OCNT-2310760,DPLKWDRKFGHJOW,CYP2C9,14,74,5.711140555
OCNT-2317906,RUIHACGNWCVTDQ,CYP2C9_R14_OCNT-2310760,4,9,0.35294117647058826,0.35294117647058826,OCNT-2310760,DPLKWDRKFGHJOW,CYP2C9,14,74,5.711140555
OCNT-2317062,QITAFAPBPCOIGF,CYP2C9_R14_OCNT-2310760,4,10,0.352112676056338,0.352112676056338,OCNT-2310760,DPLKWDRKFGHJOW,CYP2C9,14,74,5.711140555
OCNT-2312587,SCJLEZUXOSXFQF,CYP2C9_R19_OCNT-2308674,4,1,0.4782608695652174,0.4782608695652174,OCNT-2308674,MTNCBXHNXWKXRE,CYP2C9,19,131,5.519434882
OCNT-2316583,SPRLTYFEFFYAKP,CYP2C9_R19_OCNT-2308674,4,2,0.47761194029850745,0.47761194029850745,OCNT-2308674,MTNCBXHNXWKXRE,CYP2C9,19,131,5.519434882
OCNT-2311215,PGDGGNROTWTVHN,CYP2C9_R19_OCNT-2308674,4,3,0.47058823529411764,0.47058823529411764,OCNT-2308674,MTNCBXHNXWKXRE,CYP2C9,19,131,5.519434882
OCNT-2310717,BOWLVPUQMMJWEC,CYP2C9_R19_OCNT-2308674,4,4,0.44776119402985076,0.44776119402985076,OCNT-2308674,MTNCBXHNXWKXRE,CYP2C9,19,131,5.519434882
OCNT-2328330,CPEUVMUXAHMANV,CYP2C9_R19_OCNT-2308674,4,5,0.38461538461538464,0.38461538461538464,OCNT-2308674,MTNCBXHNXWKXRE,CYP2C9,19,131,5.519434882
OCNT-2316408,WEEGQGAXYCRQAE,CYP2C9_R19_OCNT-2308674,4,6,0.3611111111111111,0.3611111111111111,OCNT-2308674,MTNCBXHNXWKXRE,CYP2C9,19,131,5.519434882
OCNT-0479344,RADGGJYQUUAOAC,CYP2C9_R19_OCNT-2308674,4,7,0.36,0.36,OCNT-2308674,MTNCBXHNXWKXRE,CYP2C9,19,131,5.519434882
OCNT-2315082,WCQPNTIVTWMJSZ,CYP2C9_R19_OCNT-2308674,4,8,0.34615384615384615,0.34615384615384615,OCNT-2308674,MTNCBXHNXWKXRE,CYP2C9,19,131,5.519434882
OCNT-0479302,FDCBXECUDVXAHL,CYP2C9_R19_OCNT-2308674,4,9,0.34177215189873417,0.34177215189873417,OCNT-2308674,MTNCBXHNXWKXRE,CYP2C9,19,131,5.519434882
OCNT-2315277,HJSAULCESFXRQL,CYP2C9_R19_OCNT-2308674,4,10,0.34177215189873417,0.34177215189873417,OCNT-2308674,MTNCBXHNXWKXRE,CYP2C9,19,131,5.519434882
OCNT-2395641,UDCKCJBOMZTNLE,CYP2C9_R24_OCNT-2315950,4,1,0.7192982456140351,0.7192982456140351,OCNT-2315950,SQUDKELOJLLRRO,CYP2C9,24,242,5.224300215
OCNT-2395376,ORTWNJZUAIUYKM,CYP2C9_R24_OCNT-2315950,4,2,0.6271186440677966,0.6271186440677966,OCNT-2315950,SQUDKELOJLLRRO,CYP2C9,24,242,5.224300215
OCNT-2395776,MXUJLCXEOWHBQS,CYP2C9_R24_OCNT-2315950,4,3,0.5967741935483871,0.5967741935483871,OCNT-2315950,SQUDKELOJLLRRO,CYP2C9,24,242,5.224300215
OCNT-2395540,NJZASXAFCYBIIS,CYP2C9_R24_OCNT-2315950,4,4,0.5833333333333334,0.5833333333333334,OCNT-2315950,SQUDKELOJLLRRO,CYP2C9,24,242,5.224300215
OCNT-2395432,ACNPWTRMUDDYPP,CYP2C9_R24_OCNT-2315950,4,5,0.5423728813559322,0.5423728813559322,OCNT-2315950,SQUDKELOJLLRRO,CYP2C9,24,242,5.224300215
OCNT-2395451,CQSWJAWKJQTGDN,CYP2C9_R24_OCNT-2315950,4,6,0.5254237288135594,0.5254237288135594,OCNT-2315950,SQUDKELOJLLRRO,CYP2C9,24,242,5.224300215
OCNT-2395772,NSKDYCIRIAJLLX,CYP2C9_R24_OCNT-2315950,4,7,0.515625,0.515625,OCNT-2315950,SQUDKELOJLLRRO,CYP2C9,24,242,5.224300215
OCNT-2395304,LEMCARVFRFAHQA,CYP2C9_R24_OCNT-2315950,4,8,0.5,0.5,OCNT-2315950,SQUDKELOJLLRRO,CYP2C9,24,242,5.224300215
OCNT-2395783,HZYLYVJGIBASSW,CYP2C9_R24_OCNT-2315950,4,9,0.5,0.5,OCNT-2315950,SQUDKELOJLLRRO,CYP2C9,24,242,5.224300215
OCNT-2395798,WKSXSTRTSACGEN,CYP2C9_R24_OCNT-2315950,4,10,0.5,0.5,OCNT-2315950,SQUDKELOJLLRRO,CYP2C9,24,242,5.224300215
OCNT-2395633,BMMVJXJFLUGSEX,CYP3A4_R03_OCNT-2395274,4,1,0.6451612903225806,0.6451612903225806,OCNT-2395274,ZCAXGDJOGFCONB,CYP3A4,3,3,6.79743507
OCNT-2395364,ZHBQDFNQECZKOW,CYP3A4_R03_OCNT-2395274,4,2,0.59375,0.59375,OCNT-2395274,ZCAXGDJOGFCONB,CYP3A4,3,3,6.79743507
OCNT-2395287,RJJZTKVXXCCXQF,CYP3A4_R03_OCNT-2395274,4,3,0.5303030303030303,0.5303030303030303,OCNT-2395274,ZCAXGDJOGFCONB,CYP3A4,3,3,6.79743507
OCNT-2308554,JHNSUBHCHVVGQI,CYP3A4_R03_OCNT-2395274,4,4,0.5211267605633803,0.5211267605633803,OCNT-2395274,ZCAXGDJOGFCONB,CYP3A4,3,3,6.79743507
OCNT-2395513,YIEREMIFPPSLAV,CYP3A4_R03_OCNT-2395274,4,5,0.5147058823529411,0.5147058823529411,OCNT-2395274,ZCAXGDJOGFCONB,CYP3A4,3,3,6.79743507
OCNT-2395466,RVBYSOSSNDRWFO,CYP3A4_R03_OCNT-2395274,4,6,0.5,0.5,OCNT-2395274,ZCAXGDJOGFCONB,CYP3A4,3,3,6.79743507
OCNT-2395712,SPZQDXGBZLHTIG,CYP3A4_R03_OCNT-2395274,4,7,0.4857142857142857,0.4857142857142857,OCNT-2395274,ZCAXGDJOGFCONB,CYP3A4,3,3,6.79743507
OCNT-2316441,LFYAZSYJXZDHFQ,CYP3A4_R03_OCNT-2395274,4,8,0.4794520547945205,0.4794520547945205,OCNT-2395274,ZCAXGDJOGFCONB,CYP3A4,3,3,6.79743507
OCNT-2312237,IUZOTEMRJLJHNN,CYP3A4_R03_OCNT-2395274,4,9,0.4594594594594595,0.4594594594594595,OCNT-2395274,ZCAXGDJOGFCONB,CYP3A4,3,3,6.79743507
OCNT-2309246,HZJAEDMXWJCPPZ,CYP3A4_R03_OCNT-2395274,4,10,0.37681159420289856,0.37681159420289856,OCNT-2395274,ZCAXGDJOGFCONB,CYP3A4,3,3,6.79743507
OCNT-2395408,AFHWFGZHRNYYSU,CYP3A4_R08_OCNT-2312145,4,1,0.4,0.4,OCNT-2312145,ICKRQBWOWOXQPE,CYP3A4,8,23,6.227752448
OCNT-2312794,LSNLMIWCWNUZQD,CYP3A4_R08_OCNT-2312145,4,2,0.3972602739726027,0.3972602739726027,OCNT-2312145,ICKRQBWOWOXQPE,CYP3A4,8,23,6.227752448
OCNT-2317899,GQHAQPLODRDBSK,CYP3A4_R08_OCNT-2312145,4,3,0.35443037974683544,0.35443037974683544,OCNT-2312145,ICKRQBWOWOXQPE,CYP3A4,8,23,6.227752448
OCNT-2309274,ZXIVUUXCTPHHAO,CYP3A4_R08_OCNT-2312145,4,4,0.34615384615384615,0.34615384615384615,OCNT-2312145,ICKRQBWOWOXQPE,CYP3A4,8,23,6.227752448
OCNT-2310470,CSLBMVDUODQHOM,CYP3A4_R08_OCNT-2312145,4,5,0.34615384615384615,0.34615384615384615,OCNT-2312145,ICKRQBWOWOXQPE,CYP3A4,8,23,6.227752448
OCNT-0497512,SIOCWTZRIYXTEE,CYP3A4_R08_OCNT-2312145,4,6,0.3384615384615385,0.3384615384615385,OCNT-2312145,ICKRQBWOWOXQPE,CYP3A4,8,23,6.227752448
OCNT-2311821,LVSAKEJGXFJLJG,CYP3A4_R08_OCNT-2312145,4,7,0.3382352941176471,0.3382352941176471,OCNT-2312145,ICKRQBWOWOXQPE,CYP3A4,8,23,6.227752448
OCNT-2310141,QXRYBUZYONFBEB,CYP3A4_R08_OCNT-2312145,4,8,0.33766233766233766,0.33766233766233766,OCNT-2312145,ICKRQBWOWOXQPE,CYP3A4,8,23,6.227752448
OCNT-2315252,WXHNIZSHBMNFPP,CYP3A4_R08_OCNT-2312145,4,9,0.33766233766233766,0.33766233766233766,OCNT-2312145,ICKRQBWOWOXQPE,CYP3A4,8,23,6.227752448
OCNT-2314182,IVCDGKPHARCRJC,CYP3A4_R08_OCNT-2312145,4,10,0.3333333333333333,0.3333333333333333,OCNT-2312145,ICKRQBWOWOXQPE,CYP3A4,8,23,6.227752448
OCNT-2395525,KTSRUCFVJJDULY,CYP3A4_R13_OCNT-2395372,4,1,0.5964912280701754,0.5964912280701754,OCNT-2395372,MSQIFYQUJDQLAO,CYP3A4,13,46,5.978168057
OCNT-2316438,FFXRXVHUHDFJBQ,CYP3A4_R13_OCNT-2395372,4,2,0.5806451612903226,0.5806451612903226,OCNT-2395372,MSQIFYQUJDQLAO,CYP3A4,13,46,5.978168057
OCNT-2395335,VMKJVPDESMHPJU,CYP3A4_R13_OCNT-2395372,4,3,0.576271186440678,0.576271186440678,OCNT-2395372,MSQIFYQUJDQLAO,CYP3A4,13,46,5.978168057
OCNT-2395587,ZGPIRWZXAQMHTR,CYP3A4_R13_OCNT-2395372,4,4,0.5645161290322581,0.5645161290322581,OCNT-2395372,MSQIFYQUJDQLAO,CYP3A4,13,46,5.978168057
OCNT-2395630,GMPRGCWMJRGDGJ,CYP3A4_R13_OCNT-2395372,4,5,0.49230769230769234,0.49230769230769234,OCNT-2395372,MSQIFYQUJDQLAO,CYP3A4,13,46,5.978168057
OCNT-2395420,ICIVPGDLVGXUGV,CYP3A4_R13_OCNT-2395372,4,6,0.49122807017543857,0.49122807017543857,OCNT-2395372,MSQIFYQUJDQLAO,CYP3A4,13,46,5.978168057
OCNT-2395292,VFJFLAJSQCREME,CYP3A4_R13_OCNT-2395372,4,7,0.47761194029850745,0.47761194029850745,OCNT-2395372,MSQIFYQUJDQLAO,CYP3A4,13,46,5.978168057
OCNT-2395564,VVODWWXDCIEJAJ,CYP3A4_R13_OCNT-2395372,4,8,0.4696969696969697,0.4696969696969697,OCNT-2395372,MSQIFYQUJDQLAO,CYP3A4,13,46,5.978168057
OCNT-2395296,PYTABQYAEROVHF,CYP3A4_R13_OCNT-2395372,4,9,0.45454545454545453,0.45454545454545453,OCNT-2395372,MSQIFYQUJDQLAO,CYP3A4,13,46,5.978168057
OCNT-2395574,YGARPOQNDCWWPQ,CYP3A4_R13_OCNT-2395372,4,10,0.453125,0.453125,OCNT-2395372,MSQIFYQUJDQLAO,CYP3A4,13,46,5.978168057
OCNT-2395298,NPUQZCISJDJSQS,CYP3A4_R18_OCNT-2395704,4,1,0.5535714285714286,0.5535714285714286,OCNT-2395704,CGPCPBSMPYTZMC,CYP3A4,18,69,5.872654955
OCNT-2395518,URXVOZINLDYRAI,CYP3A4_R18_OCNT-2395704,4,2,0.5178571428571429,0.5178571428571429,OCNT-2395704,CGPCPBSMPYTZMC,CYP3A4,18,69,5.872654955
OCNT-2395446,ICZFYMYWWTWOKP,CYP3A4_R18_OCNT-2395704,4,3,0.509090909090909,0.509090909090909,OCNT-2395704,CGPCPBSMPYTZMC,CYP3A4,18,69,5.872654955
OCNT-2395749,WQIQLBAMTRKXTD,CYP3A4_R18_OCNT-2395704,4,4,0.5,0.5,OCNT-2395704,CGPCPBSMPYTZMC,CYP3A4,18,69,5.872654955
OCNT-2395404,MUXQTGKIVRSWAN,CYP3A4_R18_OCNT-2395704,4,5,0.47368421052631576,0.47368421052631576,OCNT-2395704,CGPCPBSMPYTZMC,CYP3A4,18,69,5.872654955
OCNT-2315472,UOYBHIONASJOKF,CYP3A4_R18_OCNT-2395704,4,6,0.45,0.45,OCNT-2395704,CGPCPBSMPYTZMC,CYP3A4,18,69,5.872654955
OCNT-2395383,KNKFHOOEOAGPDF,CYP3A4_R18_OCNT-2395704,4,7,0.43333333333333335,0.43333333333333335,OCNT-2395704,CGPCPBSMPYTZMC,CYP3A4,18,69,5.872654955
OCNT-2314962,UXPDAXCXFZTAEN,CYP3A4_R18_OCNT-2395704,4,8,0.4032258064516129,0.4032258064516129,OCNT-2395704,CGPCPBSMPYTZMC,CYP3A4,18,69,5.872654955
OCNT-0494698,ZNNLBTZKUZBEKO,CYP3A4_R18_OCNT-2395704,4,9,0.34210526315789475,0.34210526315789475,OCNT-2395704,CGPCPBSMPYTZMC,CYP3A4,18,69,5.872654955
OCNT-2310043,ZSKKBENNGKLPHJ,CYP3A4_R18_OCNT-2395704,4,10,0.3384615384615385,0.3384615384615385,OCNT-2395704,CGPCPBSMPYTZMC,CYP3A4,18,69,5.872654955
OCNT-2311393,YLSWGQHOTLFTSG,CYP3A4_R23_OCNT-2395731,4,1,0.5692307692307692,0.5692307692307692,OCNT-2395731,ZMVBMBMWJOKHRU,CYP3A4,23,100,5.7450152
OCNT-2395616,KPQNCOJHCNBSCU,CYP3A4_R23_OCNT-2395731,4,2,0.5285714285714286,0.5285714285714286,OCNT-2395731,ZMVBMBMWJOKHRU,CYP3A4,23,100,5.7450152
OCNT-2395669,FBNSCPOUYQTZQL,CYP3A4_R23_OCNT-2395731,4,3,0.4794520547945205,0.4794520547945205,OCNT-2395731,ZMVBMBMWJOKHRU,CYP3A4,23,100,5.7450152
OCNT-2395668,XZLVZTVUBFBHAB,CYP3A4_R23_OCNT-2395731,4,4,0.47058823529411764,0.47058823529411764,OCNT-2395731,ZMVBMBMWJOKHRU,CYP3A4,23,100,5.7450152
OCNT-2395475,SCSDUOORQIDAPE,CYP3A4_R23_OCNT-2395731,4,5,0.463768115942029,0.463768115942029,OCNT-2395731,ZMVBMBMWJOKHRU,CYP3A4,23,100,5.7450152
OCNT-2395599,GAJPAQZXVDIPFZ,CYP3A4_R23_OCNT-2395731,4,6,0.45714285714285713,0.45714285714285713,OCNT-2395731,ZMVBMBMWJOKHRU,CYP3A4,23,100,5.7450152
OCNT-2395774,FHYNURLETVEOII,CYP3A4_R23_OCNT-2395731,4,7,0.4507042253521127,0.4507042253521127,OCNT-2395731,ZMVBMBMWJOKHRU,CYP3A4,23,100,5.7450152
OCNT-2395604,QXNNIJXFDISYFL,CYP3A4_R23_OCNT-2395731,4,8,0.4461538461538462,0.4461538461538462,OCNT-2395731,ZMVBMBMWJOKHRU,CYP3A4,23,100,5.7450152
OCNT-2395603,SZQLDCNOSRKNKT,CYP3A4_R23_OCNT-2395731,4,9,0.44594594594594594,0.44594594594594594,OCNT-2395731,ZMVBMBMWJOKHRU,CYP3A4,23,100,5.7450152
OCNT-0461497,PDUWQCKKOQHABM,CYP3A4_R23_OCNT-2395731,4,10,0.4457831325301205,0.4457831325301205,OCNT-2395731,ZMVBMBMWJOKHRU,CYP3A4,23,100,5.7450152
