Molecule_Name,connectivity_key,family_id,outer_fold,split_scheme,diagnostic_group_id,diagnostic_murcko_scaffold
OCNT-0494110,RGLYKWWBQGJZGM,CYP1A2_R21_OCNT-2328316,0,murcko_scaffold,C(=Cc1ccccc1)c1ccccc1,C(=Cc1ccccc1)c1ccccc1
OCNT-2395413,KQEICCLPAAAHRO,CYP3A4_R22_OCNT-2311117,0,murcko_scaffold,C1CCNCC1,C1CCNCC1
OCNT-2395610,PNSZESMBEQEHIA,CYP3A4_R22_OCNT-2311117,0,murcko_scaffold,C1CCNCC1,C1CCNCC1
OCNT-2310470,CSLBMVDUODQHOM,CYP3A4_R08_OCNT-2312145,0,murcko_scaffold,O=C(CCc1ccccc1)N1CCC(c2cccc3cnccc23)CC1,O=C(CCc1ccccc1)N1CCC(c2cccc3cnccc23)CC1
OCNT-2316959,QCFAHERSFSXCNA,CYP3A4_R11_OCNT-2309844,0,murcko_scaffold,O=C(CCc1ccccc1)N1CCCC(n2ccnc2)C1,O=C(CCc1ccccc1)N1CCCC(n2ccnc2)C1
OCNT-0482156,BDQJULGAUTYTLR,CYP1A2_R24_OCNT-2311592,0,murcko_scaffold,O=C(CCc1ccccc1)NCCc1cnc(-c2ccccc2)s1,O=C(CCc1ccccc1)NCCc1cnc(-c2ccccc2)s1
OCNT-0381046,JWHAUXFOSRPERK,CYP1A2_R20_OCNT-0018684,0,murcko_scaffold,O=C(CCc1ccccc1)c1ccccc1,O=C(CCc1ccccc1)c1ccccc1
OCNT-2312713,IIWXSOJTJLUACB,CYP1A2_R23_OCNT-2317285,0,murcko_scaffold,O=C(CCc1ccncc1)N1CCC(N2CCNCC2)C1,O=C(CCc1ccncc1)N1CCC(N2CCNCC2)C1
OCNT-2317693,KSEBSDIEVDZEHK,CYP2C9_R11_OCNT-2309809,0,murcko_scaffold,O=C(CCc1cn[nH]c1)N1CCN(C(=O)Cc2c[nH]c3ccccc23)CC1,O=C(CCc1cn[nH]c1)N1CCN(C(=O)Cc2c[nH]c3ccccc23)CC1
OCNT-2316452,URAQAPFFYYJDFQ,CYP2C9_R01_OCNT-2315972,0,murcko_scaffold,O=C(CCc1nc(-c2ccccc2)no1)N1CCOCC1c1ncno1,O=C(CCc1nc(-c2ccccc2)no1)N1CCOCC1c1ncno1
OCNT-2395773,GAJKRXTTWPIVGD,CYP2C9_R01_OCNT-2315972,0,murcko_scaffold,O=C(CCc1nc(C2CCCC2)no1)N1CCCCc2ccccc21,O=C(CCc1nc(C2CCCC2)no1)N1CCCCc2ccccc21
OCNT-2395347,VFOKDQSYBFQYDW,CYP3A4_R07_OCNT-2395424,0,murcko_scaffold,O=C(CCc1ncno1)N1CCCc2ccccc21,O=C(CCc1ncno1)N1CCCc2ccccc21
OCNT-2310401,UKDDZRBOIOQMJY,CYP2C9_R05_OCNT-2317181,0,murcko_scaffold,O=C(CN1CCN(C2CCc3ccccc32)CC1)Nc1ccon1,O=C(CN1CCN(C2CCc3ccccc32)CC1)Nc1ccon1
OCNT-2310925,REIBCFLOVHGSRJ,CYP2C9_R05_OCNT-2317181,0,murcko_scaffold,O=C(CN1CCN(c2ccncn2)CC1)Nc1ccccc1,O=C(CN1CCN(c2ccncn2)CC1)Nc1ccccc1
OCNT-2311253,KVYQCPDIBVJAEF,CYP2C9_R03_OCNT-2313300,0,murcko_scaffold,O=C(CNC(=O)c1cccc(-n2ccnc2)c1)Nc1ccccc1,O=C(CNC(=O)c1cccc(-n2ccnc2)c1)Nc1ccccc1
OCNT-0479253,FLCAWBBMFDEJBU,CYP1A2_R25_OCNT-0478585,0,murcko_scaffold,O=C(CSc1c2c(nc3ccccc13)CCCC2)N1CCN(Cc2ccccc2)CC1,O=C(CSc1c2c(nc3ccccc13)CCCC2)N1CCN(Cc2ccccc2)CC1
OCNT-0454840,MRCLYVICBJPCRU,CYP1A2_R25_OCNT-0478585,0,murcko_scaffold,O=C(CSc1c2c(nc3ccccc13)CCCC2)N1CCNCC1,O=C(CSc1c2c(nc3ccccc13)CCCC2)N1CCNCC1
OCNT-2395669,FBNSCPOUYQTZQL,CYP3A4_R23_OCNT-2395731,0,murcko_scaffold,O=C(CSc1nc2ccccc2c2ncnn12)N1CCOCC1,O=C(CSc1nc2ccccc2c2ncnn12)N1CCOCC1
OCNT-0458025,YOCLBIASWDCQFN,CYP2C9_R11_OCNT-2309809,0,murcko_scaffold,O=C(Cc1c[nH]c2ccccc12)N1CCN(c2ccc(-c3ncon3)cc2)CC1,O=C(Cc1c[nH]c2ccccc12)N1CCN(c2ccc(-c3ncon3)cc2)CC1
OCNT-0497551,ZTYQBGRPXUUDOE,CYP2C9_R11_OCNT-2309809,0,murcko_scaffold,O=C(Cc1c[nH]c2ccccc12)Nc1nc2ccccc2[nH]1,O=C(Cc1c[nH]c2ccccc12)Nc1nc2ccccc2[nH]1
OCNT-2312756,MPWXVPGXQJXPCR,CYP1A2_R15_OCNT-2314977,0,murcko_scaffold,O=C(Cc1cc(-c2ccccc2)on1)N1CCCC1,O=C(Cc1cc(-c2ccccc2)on1)N1CCCC1
OCNT-0463305,IRTXQAYLOPDKTB,CYP1A2_R01_OCNT-2316568,0,murcko_scaffold,O=C(Cc1ccccc1)N1CCCC(c2nc(-c3ccccc3)no2)C1,O=C(Cc1ccccc1)N1CCCC(c2nc(-c3ccccc3)no2)C1
OCNT-2395340,LGCUCBFUBNZFJW,CYP1A2_R09_OCNT-2315130,0,murcko_scaffold,O=C(Cc1ccncc1)N1CCOC(c2ccccc2)C1,O=C(Cc1ccncc1)N1CCOC(c2ccccc2)C1
OCNT-2310258,KKUAFDGZQZBAAV,CYP3A4_R24_OCNT-2311092,0,murcko_scaffold,O=C(Cc1cn(-c2ccccc2)nc1-c1ccccc1)Nc1cccnc1,O=C(Cc1cn(-c2ccccc2)nc1-c1ccccc1)Nc1cccnc1
OCNT-2395574,YGARPOQNDCWWPQ,CYP3A4_R13_OCNT-2395372,0,murcko_scaffold,O=C(NC1CC1)[C@@H]1Cc2ccccc2CN1Cc1cccs1,O=C(NC1CC1)[C@@H]1Cc2ccccc2CN1Cc1cccs1
OCNT-2395335,VMKJVPDESMHPJU,CYP3A4_R13_OCNT-2395372,0,murcko_scaffold,O=C(NC1CC1)[C@H]1Cc2ccccc2CN1Cc1ccccc1,O=C(NC1CC1)[C@H]1Cc2ccccc2CN1Cc1ccccc1
OCNT-2395667,XMCDHOWLCPYRIE,CYP3A4_R22_OCNT-2311117,0,murcko_scaffold,O=C(NC1CC2(CCNCC2)C1)C1CC1,O=C(NC1CC2(CCNCC2)C1)C1CC1
OCNT-0479188,QYBGQUNKIKLONI,CYP1A2_R15_OCNT-2314977,0,murcko_scaffold,O=C(NC1CCCC1)c1ccc2c(c1)N(Cc1ccccc1)C(=O)c1ccccc1S2,O=C(NC1CCCC1)c1ccc2c(c1)N(Cc1ccccc1)C(=O)c1ccccc1S2
OCNT-2311714,NIWGHJVYXHFVSV,CYP2C9_R20_OCNT-2312486,0,murcko_scaffold,O=C(NC1CCCCNC1)c1ccccc1,O=C(NC1CCCCNC1)c1ccccc1
OCNT-2313119,DIDURIXSXBWFPC,CYP2C9_R20_OCNT-2312486,0,murcko_scaffold,O=C(NC1CCCN(c2cn[nH]c2)C1)c1ccccc1,O=C(NC1CCCN(c2cn[nH]c2)C1)c1ccccc1
OCNT-2315114,LTHPWOHLAQICFN,CYP1A2_R23_OCNT-2317285,0,murcko_scaffold,O=C(NC1CCN(C(=O)CCc2ccccc2)CC1)c1cc2ncccn2n1,O=C(NC1CCN(C(=O)CCc2ccccc2)CC1)c1cc2ncccn2n1
OCNT-2314694,LJXDGFVGNPOQIW,CYP1A2_R23_OCNT-2317285,0,murcko_scaffold,O=C(NC1CCN(C(=O)CCc2ccccc2)CC1)c1ccc2cnccc2n1,O=C(NC1CCN(C(=O)CCc2ccccc2)CC1)c1ccc2cnccc2n1
OCNT-2313254,HOHUAUMULAZGEZ,CYP2C9_R14_OCNT-2310760,0,murcko_scaffold,O=C(NC1CCN(C(=O)c2cnoc2)CC1)c1ccccc1,O=C(NC1CCN(C(=O)c2cnoc2)CC1)c1ccccc1
OCNT-2313325,NRTZNFXSWOSRAR,CYP1A2_R22_OCNT-2310153,0,murcko_scaffold,O=C(NC1CCN(c2ccccc2)C1)N1CCN(c2ncccn2)CC1,O=C(NC1CCN(c2ccccc2)C1)N1CCN(c2ncccn2)CC1
OCNT-2317904,NPSLYMJMIFKNNV,CYP1A2_R22_OCNT-2310153,0,murcko_scaffold,O=C(NC1CCN(c2ccccc2)C1)c1ccc2nnnn2c1,O=C(NC1CCN(c2ccccc2)C1)c1ccc2nnnn2c1
OCNT-2308626,HQIXODCYFGBKNG,CYP2C9_R25_OCNT-2313981,0,murcko_scaffold,O=C(NC1CCOc2ccccc21)C1CCCO1,O=C(NC1CCOc2ccccc21)C1CCCO1
OCNT-2310994,YWWRVIGZMFEUSK,CYP2C9_R25_OCNT-2313981,0,murcko_scaffold,O=C(NC1CCOc2ccccc21)c1ccn[nH]1,O=C(NC1CCOc2ccccc21)c1ccn[nH]1
OCNT-2313106,CNANRTFPMBYPIM,CYP2C9_R21_OCNT-2317914,0,murcko_scaffold,O=C(NCC(c1ccccc1)N1CCOCC1)c1cccc2c1CCC2,O=C(NCC(c1ccccc1)N1CCOCC1)c1cccc2c1CCC2
OCNT-2313374,OFYRXFGVIZMXNC,CYP1A2_R13_OCNT-2311797,0,murcko_scaffold,O=C(NCC1C2CC3CC(C2)CC1C3)Nc1ccccc1,O=C(NCC1C2CC3CC(C2)CC1C3)Nc1ccccc1
OCNT-2395673,BUUYZXXQVCAQCR,CYP3A4_R22_OCNT-2311117,0,murcko_scaffold,O=C(NCC1CC12CCNCC2)C1CCCC1,O=C(NCC1CC12CCNCC2)C1CCCC1
OCNT-2310685,SRJUQDSPYDJJMF,CYP1A2_R07_OCNT-2313198,0,murcko_scaffold,O=C(NCC1CCC2(CCCC2)O1)Nc1cc[nH]n1,O=C(NCC1CCC2(CCCC2)O1)Nc1cc[nH]n1
OCNT-2315194,MKZQCDVLIOJVRH,CYP1A2_R07_OCNT-2313198,0,murcko_scaffold,O=C(NCC1CCCC2(CCC2)O1)Nc1cc2ccccc2nn1,O=C(NCC1CCCC2(CCC2)O1)Nc1cc2ccccc2nn1
OCNT-2310639,MSMMDODZVKXGBJ,CYP3A4_R02_OCNT-2312554,0,murcko_scaffold,O=C(NCC1CCN(Cc2cccs2)CC1)c1ccnc(-n2cncn2)c1,O=C(NCC1CCN(Cc2cccs2)CC1)c1ccnc(-n2cncn2)c1
OCNT-2317347,BYQXMJFFQMJEPC,CYP2C9_R18_OCNT-2315528,0,murcko_scaffold,O=C(NCC1CCN(c2ccccc2)C1)Nc1ccccc1,O=C(NCC1CCN(c2ccccc2)C1)Nc1ccccc1
OCNT-2309284,UJKUYOWKJWNSKP,CYP2C9_R18_OCNT-2315528,0,murcko_scaffold,O=C(NCC1CCN(c2ccccc2)C1)c1ccc(-n2cnnn2)cc1,O=C(NCC1CCN(c2ccccc2)C1)c1ccc(-n2cnnn2)cc1
OCNT-0475117,CTEAKCBPNXPVHR,CYP1A2_R15_OCNT-2314977,0,murcko_scaffold,O=C(NCCC(=O)N1CCCCC1)c1cc(-c2ccccc2)on1,O=C(NCCC(=O)N1CCCCC1)c1cc(-c2ccccc2)on1
OCNT-2315478,XYEJEKANMDKRRF,CYP1A2_R24_OCNT-2311592,0,murcko_scaffold,O=C(NCCNC(=O)C1COc2ccccc2C1)c1ccccc1,O=C(NCCNC(=O)C1COc2ccccc2C1)c1ccccc1
OCNT-2314603,YVNZWBMVYHHHAQ,CYP2C9_R10_OCNT-2311787,0,murcko_scaffold,O=C(NCCNC1CC1)c1cc(-c2ccccn2)nc2ccccc12,O=C(NCCNC1CC1)c1cc(-c2ccccn2)nc2ccccc12
OCNT-2395735,ORGGPYVADXNQRI,CYP1A2_R13_OCNT-2311797,0,murcko_scaffold,O=C(NCCc1ccccc1)Nc1ccccc1,O=C(NCCc1ccccc1)Nc1ccccc1
OCNT-2311028,MQXPCGHXWRPKCK,CYP3A4_R07_OCNT-2395424,0,murcko_scaffold,O=C(NCCc1cccnc1)C1CCN(C(=O)N2CCCC2)CC1,O=C(NCCc1cccnc1)C1CCN(C(=O)N2CCCC2)CC1
OCNT-2312794,LSNLMIWCWNUZQD,CYP3A4_R08_OCNT-2312145,0,murcko_scaffold,O=C(NCCc1cccnc1)c1ccnc(N2CCOCC2)n1,O=C(NCCc1cccnc1)c1ccnc(N2CCOCC2)n1
OCNT-2315632,IDAOTOFLIMUVOO,CYP3A4_R16_OCNT-2310606,0,murcko_scaffold,O=C(NCCc1ccn(-c2ccccc2)n1)c1ccc(NCC2CC2)nc1,O=C(NCCc1ccn(-c2ccccc2)n1)c1ccc(NCC2CC2)nc1
OCNT-0462992,QWMKMECKGSJZTI,CYP1A2_R06_OCNT-2312418,0,murcko_scaffold,O=C(NCCc1csc(-c2ccccc2)n1)[C@H]1CSCN1C(=O)COc1ccccc1,O=C(NCCc1csc(-c2ccccc2)n1)[C@H]1CSCN1C(=O)COc1ccccc1
OCNT-2312376,UIPHQHVWOXUIQY,CYP1A2_R06_OCNT-2312418,0,murcko_scaffold,O=C(NCCc1csc(-c2ccccc2)n1)c1cncnc1,O=C(NCCc1csc(-c2ccccc2)n1)c1cncnc1
OCNT-2311279,NSRZZYJURUMVCD,CYP1A2_R03_OCNT-2310368,0,murcko_scaffold,O=C(NCCc1nc(-c2ccccc2)no1)NCc1ccon1,O=C(NCCc1nc(-c2ccccc2)no1)NCc1ccon1
OCNT-2309274,ZXIVUUXCTPHHAO,CYP3A4_R08_OCNT-2312145,0,murcko_scaffold,O=C(NCc1[nH]nc2c1CCCC2)NC1(c2ccccc2)CCC1,O=C(NCc1[nH]nc2c1CCCC2)NC1(c2ccccc2)CCC1
OCNT-2310581,QQULOXRKJYHTLY,CYP3A4_R01_OCNT-2310988,0,murcko_scaffold,O=C(NCc1ccc(-n2ccnc2)cc1)c1ccco1,O=C(NCc1ccc(-n2ccnc2)cc1)c1ccco1
OCNT-2315994,LQLLHNXDSQWNGR,CYP3A4_R01_OCNT-2310988,0,murcko_scaffold,O=C(NCc1ccc(-n2ccnc2)cc1)c1csc(-c2cnccn2)n1,O=C(NCc1ccc(-n2ccnc2)cc1)c1csc(-c2cnccn2)n1
OCNT-2310605,XTNMZHDMZGRSBV,CYP2C9_R06_OCNT-2310890,0,murcko_scaffold,O=C(NCc1ccc(-n2ccnc2)nc1)c1ccccc1,O=C(NCc1ccc(-n2ccnc2)nc1)c1ccccc1
OCNT-2317724,HIHOVKJKGDLVNZ,CYP2C9_R06_OCNT-2310890,0,murcko_scaffold,O=C(NCc1ccc(-n2ccnc2)nc1)c1ccn(C2CCCC2)n1,O=C(NCc1ccc(-n2ccnc2)nc1)c1ccn(C2CCCC2)n1
OCNT-2314864,IZSWTCQKDZJSHD,CYP2C9_R02_OCNT-2312302,0,murcko_scaffold,O=C(NCc1ccc(-n2cnc3ccccc32)cc1)c1cc2cnccc2[nH]1,O=C(NCc1ccc(-n2cnc3ccccc32)cc1)c1cc2cnccc2[nH]1
OCNT-2314190,DOFQECKISJCOKJ,CYP2C9_R22_OCNT-2310562,0,murcko_scaffold,O=C(NCc1ccc(C(=O)N2CCOCC2)cc1)N1CCc2c(nnn2-c2ccccc2)C1,O=C(NCc1ccc(C(=O)N2CCOCC2)cc1)N1CCc2c(nnn2-c2ccccc2)C1
OCNT-2317182,KXOBRUHKOVDSJD,CYP1A2_R16_OCNT-2312610,0,murcko_scaffold,O=C(NCc1ccc(C2CC2)cc1)NCC1CCCC1,O=C(NCc1ccc(C2CC2)cc1)NCC1CCCC1
OCNT-2317126,MSGZOSCMRKZOEH,CYP1A2_R16_OCNT-2312610,0,murcko_scaffold,O=C(NCc1ccc(C2CCC2)cc1)N1CCN(C(=O)c2ccco2)CC1,O=C(NCc1ccc(C2CCC2)cc1)N1CCN(C(=O)c2ccco2)CC1
OCNT-2315880,NSYWPGRLGRXHHP,CYP2C9_R22_OCNT-2310562,0,murcko_scaffold,O=C(NCc1ccc2occc2c1)Nc1c[nH]nc1C1CCCCC1,O=C(NCc1ccc2occc2c1)Nc1c[nH]nc1C1CCCCC1
OCNT-2309762,ALHZQEPUCXVZTK,CYP2C9_R21_OCNT-2317914,0,murcko_scaffold,O=C(NCc1cccc(N2CCCC2)c1)c1ccccc1,O=C(NCc1cccc(N2CCCC2)c1)c1ccccc1
OCNT-2317265,VRHLCRQRRJHCMR,CYP1A2_R09_OCNT-2315130,0,murcko_scaffold,O=C(NCc1cccc(N2CCOCC2)n1)c1csc2c1CCCC2,O=C(NCc1cccc(N2CCOCC2)n1)c1csc2c1CCCC2
OCNT-0475246,HRYUHBOPAUONJH,CYP2C9_R07_OCNT-2314387,0,murcko_scaffold,O=C(NCc1ccccc1)NCc1nc(C(=O)N2CCCCC2)co1,O=C(NCc1ccccc1)NCc1nc(C(=O)N2CCCCC2)co1
OCNT-2316818,YAOYODKAQMWJKZ,CYP2C9_R21_OCNT-2317914,0,murcko_scaffold,O=C(NCc1ccccc1)Nc1ccc2[nH]ncc2c1,O=C(NCc1ccccc1)Nc1ccc2[nH]ncc2c1
OCNT-2313394,XFTNGEBQFBGWPZ,CYP1A2_R05_OCNT-2310298,0,murcko_scaffold,O=C(NCc1ccccc1)c1nc2cnccc2s1,O=C(NCc1ccccc1)c1nc2cnccc2s1
OCNT-2395298,NPUQZCISJDJSQS,CYP3A4_R18_OCNT-2395704,0,murcko_scaffold,O=C(NCc1ccccn1)c1ccc(S(=O)(=O)NC2CC2)cc1,O=C(NCc1ccccn1)c1ccc(S(=O)(=O)NC2CC2)cc1
OCNT-2314296,CFCKXKAHIRNCFO,CYP2C9_R10_OCNT-2311787,0,murcko_scaffold,O=C(NCc1ncc(-c2ccccc2)[nH]1)c1c[nH]nc1-c1ccncc1,O=C(NCc1ncc(-c2ccccc2)[nH]1)c1c[nH]nc1-c1ccncc1
OCNT-2315147,CAFOAHPXRAJQAK,CYP1A2_R24_OCNT-2311592,0,murcko_scaffold,O=C(NCc1ncon1)c1cccc(-c2ncn[nH]2)c1,O=C(NCc1ncon1)c1cccc(-c2ncn[nH]2)c1
OCNT-2314884,LHONXHPIOQMVRB,CYP1A2_R04_OCNT-2313567,0,murcko_scaffold,O=C(Nc1c[nH]nc1-c1ccccn1)c1ccccn1,O=C(Nc1c[nH]nc1-c1ccccn1)c1ccccn1
OCNT-2318463,PVCJAHQCQKVCAF,CYP3A4_R11_OCNT-2309844,0,murcko_scaffold,O=C(Nc1c[nH]nc1-c1nccs1)N1CCCCC1,O=C(Nc1c[nH]nc1-c1nccs1)N1CCCCC1
OCNT-2395542,GAIWOBVHIKIOHU,CYP2C9_R23_OCNT-2312797,0,murcko_scaffold,O=C(Nc1cc2n(n1)CCCC2)c1cc2ccccc2o1,O=C(Nc1cc2n(n1)CCCC2)c1cc2ccccc2o1
OCNT-2395705,XQZLQFCGPSJOGX,CYP2C9_R23_OCNT-2312797,0,murcko_scaffold,O=C(Nc1cc2n(n1)CCCC2)c1cc2ccccc2o1,O=C(Nc1cc2n(n1)CCCC2)c1cc2ccccc2o1
OCNT-2310717,BOWLVPUQMMJWEC,CYP2C9_R19_OCNT-2308674,0,murcko_scaffold,O=C(Nc1ccc(-c2nc3ccccc3[nH]2)cc1)c1cnn[nH]1,O=C(Nc1ccc(-c2nc3ccccc3[nH]2)cc1)c1cnn[nH]1
OCNT-2314135,UHKMGEDTTFFMSI,CYP2C9_R03_OCNT-2313300,0,murcko_scaffold,O=C(Nc1ccc(Cc2ccncc2)cc1)c1cn[nH]c1,O=C(Nc1ccc(Cc2ccncc2)cc1)c1cn[nH]c1
OCNT-2309836,XLZQKDNFGFOCIC,CYP1A2_R02_OCNT-2317954,0,murcko_scaffold,O=C(Nc1ccc(OCCN2CCCCC2)cc1)c1cccc(Cn2ccnc2)c1,O=C(Nc1ccc(OCCN2CCCCC2)cc1)c1cccc(Cn2ccnc2)c1
OCNT-2314895,KNTPHJCKWPHKJW,CYP1A2_R11_OCNT-2313625,0,murcko_scaffold,O=C(Nc1ccc(S(=O)(=O)Nc2nccs2)cc1)c1ccccc1,O=C(Nc1ccc(S(=O)(=O)Nc2nccs2)cc1)c1ccccc1
OCNT-2309866,CPCWNLRNPXRRHG,CYP1A2_R02_OCNT-2317954,0,murcko_scaffold,O=C(Nc1ccc(SCCN2CCCC2)cc1)c1cccc(Cn2ccnc2)c1,O=C(Nc1ccc(SCCN2CCCC2)cc1)c1cccc(Cn2ccnc2)c1
OCNT-2395285,YYPUSKSRHZZVBY,CYP3A4_R20_OCNT-2395303,0,murcko_scaffold,O=C(Nc1ccc2c(c1)OCO2)C1CCN(C(=O)c2cc3ccccc3[nH]2)CC1,O=C(Nc1ccc2c(c1)OCO2)C1CCN(C(=O)c2cc3ccccc3[nH]2)CC1
OCNT-2395617,ZFLNQKJXJYGVKM,CYP3A4_R20_OCNT-2395303,0,murcko_scaffold,O=C(Nc1ccc2c(c1)OCO2)C1CCN(C(=O)c2ccccn2)CC1,O=C(Nc1ccc2c(c1)OCO2)C1CCN(C(=O)c2ccccn2)CC1
OCNT-2317195,SDEJVIVIPUCEPS,CYP1A2_R05_OCNT-2310298,0,murcko_scaffold,O=C(Nc1cccc(-c2nc[nH]n2)c1)c1cccc2cccnc12,O=C(Nc1cccc(-c2nc[nH]n2)c1)c1cccc2cccnc12
OCNT-2310489,BEGOXMGRIYSGIP,CYP1A2_R14_OCNT-2317761,0,murcko_scaffold,O=C(Nc1cccc(-c2nnc[nH]2)c1)c1ccc2[nH]c(=O)c(=O)[nH]c2c1,O=C(Nc1cccc(-c2nnc[nH]2)c1)c1ccc2[nH]c(=O)c(=O)[nH]c2c1
OCNT-2317602,NUTZUNBKQQVLBS,CYP1A2_R06_OCNT-2312418,0,murcko_scaffold,O=C(Nc1cccc(CC(=O)N2CCNCC2)c1)c1cc(C2CC2)[nH]n1,O=C(Nc1cccc(CC(=O)N2CCNCC2)c1)c1cc(C2CC2)[nH]n1
OCNT-2310858,RBJYOPLZTXEOMT,CYP2C9_R21_OCNT-2317914,0,murcko_scaffold,O=C(Nc1cccc(N2CCOCC2)c1)c1cnc(OCC2CC2)cn1,O=C(Nc1cccc(N2CCOCC2)c1)c1cnc(OCC2CC2)cn1
OCNT-2312595,JVSOGURKRNBPMA,CYP2C9_R13_OCNT-2315368,0,murcko_scaffold,O=C(Nc1ccccc1)N1CCCC(c2nc3ccccc3[nH]2)C1,O=C(Nc1ccccc1)N1CCCC(c2nc3ccccc3[nH]2)C1
OCNT-2314248,XPIXQQFKIMODLQ,CYP1A2_R17_OCNT-2316906,0,murcko_scaffold,O=C(Nc1ccccc1)c1cc2ncccn2n1,O=C(Nc1ccccc1)c1cc2ncccn2n1
OCNT-2317279,RFMYSKWZLOVNEH,CYP1A2_R17_OCNT-2316906,0,murcko_scaffold,O=C(Nc1ccccc1)c1cc2ncccn2n1,O=C(Nc1ccccc1)c1cc2ncccn2n1
OCNT-2315106,RXLYLRXSZARXIK,CYP3A4_R05_OCNT-2314300,0,murcko_scaffold,O=C(Nc1ccccc1)c1cccc(C2CC2)c1,O=C(Nc1ccccc1)c1cccc(C2CC2)c1
OCNT-2310034,PMPRQQLVVNFCDL,CYP1A2_R17_OCNT-2316906,0,murcko_scaffold,O=C(Nc1ccccc1)c1ccn(-c2ccccc2)n1,O=C(Nc1ccccc1)c1ccn(-c2ccccc2)n1
OCNT-2308656,SFFQJAZXVFNTET,CYP3A4_R24_OCNT-2311092,0,murcko_scaffold,O=C(Nc1ccccc1)c1ccnc(Oc2ccccc2)c1,O=C(Nc1ccccc1)c1ccnc(Oc2ccccc2)c1
OCNT-2311780,QKHYTYJMUYSRFF,CYP2C9_R15_OCNT-2318117,0,murcko_scaffold,O=C(Nc1ccccn1)C1CCN(C(=O)C2CCn3cncc3C2)CC1,O=C(Nc1ccccn1)C1CCN(C(=O)C2CCn3cncc3C2)CC1
OCNT-0457420,BLWMGCOXHBKIBO,CYP2C9_R15_OCNT-2318117,0,murcko_scaffold,O=C(Nc1ccccn1)C1CCN(C(=O)c2ccc(-c3ncon3)cc2)CC1,O=C(Nc1ccccn1)C1CCN(C(=O)c2ccc(-c3ncon3)cc2)CC1
OCNT-2312795,DVBNAUHKBCFYBB,CYP2C9_R21_OCNT-2317914,0,murcko_scaffold,O=C(Nc1ccccn1)c1ccc(N2CCOCC2)cc1,O=C(Nc1ccccn1)c1ccc(N2CCOCC2)cc1
OCNT-2315996,XEMCUDAQPISXBU,CYP3A4_R11_OCNT-2309844,0,murcko_scaffold,O=C(Nc1ccncc1)C1CCN(C(=O)Nc2nc3ccccc3s2)CC1,O=C(Nc1ccncc1)C1CCN(C(=O)Nc2nc3ccccc3s2)CC1
OCNT-2395791,JBAZLIIRSZFELZ,CYP1A2_R16_OCNT-2312610,0,murcko_scaffold,O=C(Nc1ccncc1)c1ccc(CNC(=O)C2CC=CCC2)cc1,O=C(Nc1ccncc1)c1ccc(CNC(=O)C2CC=CCC2)cc1
OCNT-2315448,GNVOYDAHBDQAQC,CYP2C9_R15_OCNT-2318117,0,murcko_scaffold,O=C(Nc1ccncn1)C1CCCN(S(=O)(=O)c2ccccc2)C1,O=C(Nc1ccncn1)C1CCCN(S(=O)(=O)c2ccccc2)C1
OCNT-2309070,CFGZXKWGGSEENY,CYP1A2_R13_OCNT-2311797,0,murcko_scaffold,O=C(Nc1cn[nH]c1)c1ccccc1,O=C(Nc1cn[nH]c1)c1ccccc1
OCNT-2313526,NJETWSWVWMKXSO,CYP2C9_R08_OCNT-2312606,0,murcko_scaffold,O=C(c1c[nH]c2ccccc12)N1CCC(c2ccn[nH]2)CC1,O=C(c1c[nH]c2ccccc12)N1CCC(c2ccn[nH]2)CC1
OCNT-2395576,YXTNAXUFAGFNGO,CYP3A4_R25_OCNT-2395447,0,murcko_scaffold,O=C(c1cc2ccccn2c1)N1CCCCC1c1ncc[nH]1,O=C(c1cc2ccccn2c1)N1CCCCC1c1ncc[nH]1
OCNT-2395513,YIEREMIFPPSLAV,CYP3A4_R03_OCNT-2395274,0,murcko_scaffold,O=C(c1cc[nH]c1)N1CCN(C2CC2)c2ccccc21,O=C(c1cc[nH]c1)N1CCN(C2CC2)c2ccccc21
OCNT-2311887,GHIFDJGPEUVFQM,CYP2C9_R08_OCNT-2312606,0,murcko_scaffold,O=C(c1ccc2c(=O)[nH]cnc2c1)N1CCC(c2c[nH]c3ccccc23)CC1,O=C(c1ccc2c(=O)[nH]cnc2c1)N1CCC(c2c[nH]c3ccccc23)CC1
OCNT-2317403,RUIUOFAPPJHIQX,CYP2C9_R16_OCNT-2310262,0,murcko_scaffold,O=C(c1ccccc1)N1CCCN(C(=O)c2cc[nH]n2)CC1,O=C(c1ccccc1)N1CCCN(C(=O)c2cc[nH]n2)CC1
OCNT-2317906,RUIHACGNWCVTDQ,CYP2C9_R14_OCNT-2310760,0,murcko_scaffold,O=C(c1cccnc1)N1CCC(Nc2ccccc2)CC1,O=C(c1cccnc1)N1CCC(Nc2ccccc2)CC1
OCNT-2395364,ZHBQDFNQECZKOW,CYP3A4_R03_OCNT-2395274,0,murcko_scaffold,O=C(c1cccnc1)N1CCN(C2CC2)c2ccccc21,O=C(c1cccnc1)N1CCN(C2CC2)c2ccccc21
OCNT-2309957,BNGXYKGPLNBSAF,CYP2C9_R12_OCNT-2315584,0,murcko_scaffold,O=C(c1ccncn1)N1CCC(c2cccnc2)CC1,O=C(c1ccncn1)N1CCC(c2cccnc2)CC1
OCNT-2395329,BBDGGEDHOSSLBQ,CYP3A4_R25_OCNT-2395447,0,murcko_scaffold,O=C(c1ccoc1)N1CCCCC1c1ncc[nH]1,O=C(c1ccoc1)N1CCCCC1c1ncc[nH]1
OCNT-2312894,PXEUCTPMPXXYMS,CYP2C9_R07_OCNT-2314387,0,murcko_scaffold,O=C(c1cn(Cc2ccccn2)nn1)N1CCC(Cc2ccccc2)CC1,O=C(c1cn(Cc2ccccn2)nn1)N1CCC(Cc2ccccc2)CC1
OCNT-2309246,HZJAEDMXWJCPPZ,CYP3A4_R03_OCNT-2395274,0,murcko_scaffold,O=C(c1cnc2ccccn12)N1CCN(C2CC2)c2ccccc21,O=C(c1cnc2ccccn12)N1CCN(C2CC2)c2ccccc21
OCNT-2315174,BVZPBARCGQEFOO,CYP2C9_R16_OCNT-2310262,0,murcko_scaffold,O=C(c1cncc(-c2ccccc2)c1)N1CCCCC1,O=C(c1cncc(-c2ccccc2)c1)N1CCCCC1
OCNT-2309871,ZCEYLWXXNMDZEQ,CYP1A2_R11_OCNT-2313625,0,murcko_scaffold,O=C1CCCC(C(=O)Nc2ccc(Oc3ccncc3)cc2)N1,O=C1CCCC(C(=O)Nc2ccc(Oc3ccncc3)cc2)N1
OCNT-2395635,VAWUHRUTHFYQRC,CYP3A4_R04_OCNT-2395590,0,murcko_scaffold,O=C1Cc2cccc(NS(=O)(=O)c3sccc3C3CC3)c2N1,O=C1Cc2cccc(NS(=O)(=O)c3sccc3C3CC3)c2N1
OCNT-2315294,DZZVVUKOBSRNAM,CYP2C9_R15_OCNT-2318117,0,murcko_scaffold,O=C1NC(=O)c2cc(NC(=O)N3CCCC(C(=O)Nc4ccccn4)C3)ccc21,O=C1NC(=O)c2cc(NC(=O)N3CCCC(C(=O)Nc4ccccn4)C3)ccc21
OCNT-2395631,YDVFKKIYGVLNGT,CYP3A4_R04_OCNT-2395590,0,murcko_scaffold,O=C1NCc2c(NS(=O)(=O)c3sccc3C3CC3)cccc21,O=C1NCc2c(NS(=O)(=O)c3sccc3C3CC3)cccc21
OCNT-2395404,MUXQTGKIVRSWAN,CYP3A4_R18_OCNT-2395704,0,murcko_scaffold,O=S(=O)(NC1CC1)c1ccccc1,O=S(=O)(NC1CC1)c1ccccc1
OCNT-2395518,URXVOZINLDYRAI,CYP3A4_R18_OCNT-2395704,0,murcko_scaffold,O=S(=O)(NC1CCCCC1)c1ccccc1,O=S(=O)(NC1CCCCC1)c1ccccc1
OCNT-2395749,WQIQLBAMTRKXTD,CYP3A4_R18_OCNT-2395704,0,murcko_scaffold,O=S(=O)(NC1CCCCC1)c1ccccc1,O=S(=O)(NC1CCCCC1)c1ccccc1
OCNT-2395307,FISDQJFPYPYHLF,CYP3A4_R19_OCNT-2311187,0,murcko_scaffold,O=S(=O)(NCCc1cccc2ccccc12)c1cccs1,O=S(=O)(NCCc1cccc2ccccc12)c1cccs1
OCNT-2395311,JJJSJEMEGGMYHA,CYP3A4_R19_OCNT-2311187,0,murcko_scaffold,O=S(=O)(NCCc1cccc2ccccc12)c1cccs1,O=S(=O)(NCCc1cccc2ccccc12)c1cccs1
OCNT-2395788,MOJVVQSWSMKIAN,CYP3A4_R19_OCNT-2311187,0,murcko_scaffold,O=S(=O)(NCCc1cccc2ccccc12)c1cccs1,O=S(=O)(NCCc1cccc2ccccc12)c1cccs1
OCNT-0493767,LAQWXSZWFLYJOE,CYP3A4_R10_OCNT-2313429,0,murcko_scaffold,O=S(=O)(Nc1ccccc1)c1ccccc1,O=S(=O)(Nc1ccccc1)c1ccccc1
OCNT-2313293,VYRTUGVAQZIPMP,CYP2C9_R09_OCNT-2313901,0,murcko_scaffold,O=S(=O)(Nc1ccccc1)c1ccccc1,O=S(=O)(Nc1ccccc1)c1ccccc1
OCNT-2313609,CQPLNKWKAKVWTP,CYP2C9_R09_OCNT-2313901,0,murcko_scaffold,O=S(=O)(Nc1ccccc1)c1ccccc1,O=S(=O)(Nc1ccccc1)c1ccccc1
OCNT-2318059,LGBXJZIKTPOPEY,CYP2C9_R09_OCNT-2313901,0,murcko_scaffold,O=S(=O)(Nc1ccccc1)c1ccccc1,O=S(=O)(Nc1ccccc1)c1ccccc1
OCNT-2395317,XPWTVFAVHOTZIJ,CYP2C9_R09_OCNT-2313901,0,murcko_scaffold,O=S(=O)(Nc1ccccc1)c1ccccc1,O=S(=O)(Nc1ccccc1)c1ccccc1
OCNT-2395328,WVOZCIQIUNFGBG,CYP2C9_R09_OCNT-2313901,0,murcko_scaffold,O=S(=O)(Nc1ccccc1)c1ccccc1,O=S(=O)(Nc1ccccc1)c1ccccc1
OCNT-2395439,TYZSFHHKSSQPJU,CYP2C9_R09_OCNT-2313901,0,murcko_scaffold,O=S(=O)(Nc1ccccc1)c1ccccc1,O=S(=O)(Nc1ccccc1)c1ccccc1
OCNT-2395467,NOPXPKAQTBKIIK,CYP3A4_R10_OCNT-2313429,0,murcko_scaffold,O=S(=O)(Nc1ccccc1)c1ccccc1,O=S(=O)(Nc1ccccc1)c1ccccc1
OCNT-2395476,BMUNXZSNIATDEL,CYP3A4_R10_OCNT-2313429,0,murcko_scaffold,O=S(=O)(Nc1ccccc1)c1ccccc1,O=S(=O)(Nc1ccccc1)c1ccccc1
OCNT-2395550,FPVJEBYTZBVJCI,CYP2C9_R09_OCNT-2313901,0,murcko_scaffold,O=S(=O)(Nc1ccccc1)c1ccccc1,O=S(=O)(Nc1ccccc1)c1ccccc1
OCNT-2395627,NJTUJJIKAYUDGD,CYP1A2_R13_OCNT-2311797,0,murcko_scaffold,O=S(=O)(Nc1ccccc1)c1ccccc1,O=S(=O)(Nc1ccccc1)c1ccccc1
OCNT-2395645,YSUDFDDJOBYGGO,CYP3A4_R10_OCNT-2313429,0,murcko_scaffold,O=S(=O)(Nc1ccccc1)c1ccccc1,O=S(=O)(Nc1ccccc1)c1ccccc1
OCNT-2395686,CSAVRAYPCFIKJD,CYP2C9_R09_OCNT-2313901,0,murcko_scaffold,O=S(=O)(Nc1ccccc1)c1ccccc1,O=S(=O)(Nc1ccccc1)c1ccccc1
OCNT-2395799,MXVNZLMSWKIWPW,CYP1A2_R13_OCNT-2311797,0,murcko_scaffold,O=S(=O)(Nc1ccccc1)c1ccccc1,O=S(=O)(Nc1ccccc1)c1ccccc1
OCNT-2395602,INPVMHGBOBZEPM,CYP3A4_R04_OCNT-2395590,0,murcko_scaffold,O=S(=O)(Nc1ccccc1C1CCC1)c1sccc1C1CC1,O=S(=O)(Nc1ccccc1C1CCC1)c1sccc1C1CC1
OCNT-2395396,MDZJZRZSDPJNQV,CYP3A4_R21_OCNT-2395511,0,murcko_scaffold,O=S(=O)(Nc1cn[nH]c1)c1cnn(C2CCC2)c1,O=S(=O)(Nc1cn[nH]c1)c1cnn(C2CCC2)c1
OCNT-2310323,MBYHTKURRZPUOJ,CYP2C9_R21_OCNT-2317914,0,murcko_scaffold,c1cc(N2CCCCC2)ccn1,c1cc(N2CCCCC2)ccn1
OCNT-2309093,ZPUJZAHPZRJNIC,CYP1A2_R12_OCNT-2318111,0,murcko_scaffold,c1ccc(-c2cn(Cc3coc(C4CC4)n3)nn2)cc1,c1ccc(-c2cn(Cc3coc(C4CC4)n3)nn2)cc1
OCNT-2316474,RAQMKDXAEMZEKK,CYP1A2_R12_OCNT-2318111,0,murcko_scaffold,c1ccc(-c2cn(Cc3noc4c3CCCC4)nn2)cc1,c1ccc(-c2cn(Cc3noc4c3CCCC4)nn2)cc1
OCNT-2308818,FZCCZRTVIJFQKN,CYP1A2_R18_OCNT-2315212,0,murcko_scaffold,c1ccc(-c2nc(N3CCC(Oc4cnccn4)CC3)c3ccccc3n2)nc1,c1ccc(-c2nc(N3CCC(Oc4cnccn4)CC3)c3ccccc3n2)nc1
OCNT-0479195,SJSOYOMGDAHJAW,CYP1A2_R25_OCNT-0478585,0,murcko_scaffold,c1ccc(Nc2c3c(nc4ccccc24)CCCC3)cc1,c1ccc(Nc2c3c(nc4ccccc24)CCCC3)cc1
OCNT-0479283,DSIJVDPSQMKYRZ,CYP1A2_R25_OCNT-0478585,0,murcko_scaffold,c1ccc(Nc2c3c(nc4ccccc24)CCCC3)cc1,c1ccc(Nc2c3c(nc4ccccc24)CCCC3)cc1
OCNT-0479588,AQOUKOIMAVOMON,CYP1A2_R25_OCNT-0478585,0,murcko_scaffold,c1ccc(Nc2c3c(nc4ccccc24)CCCC3)cc1,c1ccc(Nc2c3c(nc4ccccc24)CCCC3)cc1
OCNT-2395668,XZLVZTVUBFBHAB,CYP3A4_R23_OCNT-2395731,0,murcko_scaffold,c1ccc2c(c1)nc(SCc1ncno1)n1ncnc21,c1ccc2c(c1)nc(SCc1ncno1)n1ncnc21
OCNT-0497562,VLWMQPYZWJBDPL,CYP1A2_R18_OCNT-2315212,0,murcko_scaffold,c1cncc(CNc2nc(-c3cccnc3)nc3ccccc23)c1,c1cncc(CNc2nc(-c3cccnc3)nc3ccccc23)c1
OCNT-2328864,ZEUITGRIYCTCEM,CYP1A2_R20_OCNT-0018684,0,murcko_scaffold,c1csc(COc2cccc3ccccc23)c1,c1csc(COc2cccc3ccccc23)c1
OCNT-2395388,CFQJCJLLMWDACS,CYP2C9_R17_OCNT-2309935,0,murcko_scaffold,c1nnc(SCc2cc3n(n2)CCCC3)[nH]1,c1nnc(SCc2cc3n(n2)CCCC3)[nH]1
OCNT-2395647,LIWVRHHQTXPNEF,CYP3A4_R22_OCNT-2311117,1,murcko_scaffold,C1CNCC(CC2CC2)C1,C1CNCC(CC2CC2)C1
OCNT-2312348,POQXUFMEUYGOGU,CYP2C9_R20_OCNT-2312486,1,murcko_scaffold,O=C(C1Cc2ccccc21)N1CCN(c2ncnc3ccsc23)CC1,O=C(C1Cc2ccccc21)N1CCN(c2ncnc3ccsc23)CC1
OCNT-2317626,DLBAMDGUUSBSOH,CYP3A4_R14_OCNT-2309351,1,murcko_scaffold,O=C(CC1(N2CCOCC2)CCCC1)NCc1ccc2c(c1)OCCO2,O=C(CC1(N2CCOCC2)CCCC1)NCc1ccc2c(c1)OCCO2
OCNT-2312441,AFKZBAIFJMEXMU,CYP3A4_R12_OCNT-2311697,1,murcko_scaffold,O=C(CC1CCC1)N1CCCCC1Cc1ccccc1,O=C(CC1CCC1)N1CCCCC1Cc1ccccc1
OCNT-0497557,SCFJMQSXUCFKPS,CYP3A4_R12_OCNT-2311697,1,murcko_scaffold,O=C(CC1CCCCC1)Nc1ccccc1,O=C(CC1CCCCC1)Nc1ccccc1
OCNT-2313058,YGQRUXKHKRRRPX,CYP2C9_R03_OCNT-2313300,1,murcko_scaffold,O=C(CCC1CCNCC1)Nc1ccc(-n2ccnc2)cc1,O=C(CCC1CCNCC1)Nc1ccc(-n2ccnc2)cc1
OCNT-2309325,SENUHVDQDVFBIN,CYP2C9_R14_OCNT-2310760,1,murcko_scaffold,O=C(CCc1ccccc1)N1CCOCC1,O=C(CCc1ccccc1)N1CCOCC1
OCNT-2308842,FQCKBCZETREUQU,CYP3A4_R07_OCNT-2395424,1,murcko_scaffold,O=C(CCc1cccnc1)N1CCN(c2ccccc2)CC1,O=C(CCc1cccnc1)N1CCN(c2ccccc2)CC1
OCNT-2309415,SZIZNFZWYZMKGP,CYP3A4_R07_OCNT-2395424,1,murcko_scaffold,O=C(CCc1cccnc1)N1CCOc2[nH]ncc21,O=C(CCc1cccnc1)N1CCOc2[nH]ncc21
OCNT-2311624,FHLMPSUVVSVTAJ,CYP2C9_R07_OCNT-2314387,1,murcko_scaffold,O=C(CCc1cn[nH]c1)N1CCC(Cc2ccccc2)CC1,O=C(CCc1cn[nH]c1)N1CCC(Cc2ccccc2)CC1
OCNT-2314691,NXBAEKZVCZWXNN,CYP3A4_R12_OCNT-2311697,1,murcko_scaffold,O=C(CCc1nc(-c2ccncc2)no1)N1CCCCC1Cc1ccccc1,O=C(CCc1nc(-c2ccncc2)no1)N1CCCCC1Cc1ccccc1
OCNT-2310041,OQNCBOFIXGDOFI,CYP2C9_R05_OCNT-2317181,1,murcko_scaffold,O=C(CN1CCN(c2nc3ccccc3s2)CC1)Nc1ccccc1,O=C(CN1CCN(c2nc3ccccc3s2)CC1)Nc1ccccc1
OCNT-2310437,RFHWZVNSOBPKEO,CYP3A4_R01_OCNT-2310988,1,murcko_scaffold,O=C(CN1CCOCC1=O)NCc1ccc(-n2ccnc2)cc1,O=C(CN1CCOCC1=O)NCc1ccc(-n2ccnc2)cc1
OCNT-0463468,FTPZVVJAVJVLIF,CYP2C9_R01_OCNT-2315972,1,murcko_scaffold,O=C(COc1ccccc1)N1CCCC(c2nc(-c3ccccc3)no2)C1,O=C(COc1ccccc1)N1CCCC(c2nc(-c3ccccc3)no2)C1
OCNT-2311154,UVBQSVCDGQALMQ,CYP2C9_R11_OCNT-2309809,1,murcko_scaffold,O=C(Cc1c[nH]c2ncccc12)N1CCC(c2c[nH]c3ccccc23)CC1,O=C(Cc1c[nH]c2ncccc12)N1CCC(c2c[nH]c3ccccc23)CC1
OCNT-2310875,LVMMPXSCGLEWBU,CYP2C9_R04_OCNT-2316040,1,murcko_scaffold,O=C(Cc1ccc(-n2ccnc2)cc1)N[C@H]1CCC(Cn2ccnc2)C1,O=C(Cc1ccc(-n2ccnc2)cc1)N[C@H]1CCC(Cn2ccnc2)C1
OCNT-2314079,WVSLEKSANMYUQT,CYP1A2_R07_OCNT-2313198,1,murcko_scaffold,O=C(Cn1ccc2ccccc21)NCC1CCC2(CCOCC2)O1,O=C(Cn1ccc2ccccc21)NCC1CCC2(CCOCC2)O1
OCNT-2315179,YGEJAGMUFFRADY,CYP3A4_R14_OCNT-2309351,1,murcko_scaffold,O=C(Cn1ccnn1)NCC1(N2CCOCC2)CCCCC1,O=C(Cn1ccnn1)NCC1(N2CCOCC2)CCCCC1
OCNT-2395525,KTSRUCFVJJDULY,CYP3A4_R13_OCNT-2395372,1,murcko_scaffold,O=C(NC1CC1)[C@H]1Cc2ccccc2CN1Cc1cccs1,O=C(NC1CC1)[C@H]1Cc2ccccc2CN1Cc1cccs1
OCNT-2395675,RUTPHZIFPKYSDE,CYP3A4_R22_OCNT-2311117,1,murcko_scaffold,O=C(NC1CC12CCNCC2)C1CCCC1,O=C(NC1CC12CCNCC2)C1CCCC1
OCNT-2315472,UOYBHIONASJOKF,CYP3A4_R18_OCNT-2395704,1,murcko_scaffold,O=C(NC1CC=CCC1)c1ccc(S(=O)(=O)NC2CC2)cc1,O=C(NC1CC=CCC1)c1ccc(S(=O)(=O)NC2CC2)cc1
OCNT-2316003,MVEPKMUQYNJZEZ,CYP2C9_R20_OCNT-2312486,1,murcko_scaffold,O=C(NC1CCCN(Cc2nnc3n2CCCC3)C1)c1ccc2ccccc2c1,O=C(NC1CCCN(Cc2nnc3n2CCCC3)C1)c1ccc2ccccc2c1
OCNT-2313630,RRJAHDBFCJZDHY,CYP2C9_R20_OCNT-2312486,1,murcko_scaffold,O=C(NC1CCCN(c2ccccc2)C1)c1ccnn1C1CCC1,O=C(NC1CCCN(c2ccccc2)C1)c1ccnn1C1CCC1
OCNT-2309933,NQKQACGDDZDFGL,CYP2C9_R13_OCNT-2315368,1,murcko_scaffold,O=C(NC1CCCc2c1cnn2Cc1ccccc1)c1cnccn1,O=C(NC1CCCc2c1cnn2Cc1ccccc1)c1cnccn1
OCNT-2316252,PQYPFFASSMZDMA,CYP2C9_R13_OCNT-2315368,1,murcko_scaffold,O=C(NC1CCCc2sccc21)N1CCCCC1,O=C(NC1CCCc2sccc21)N1CCCCC1
OCNT-2314946,QHHTXVIQZKULHO,CYP2C9_R14_OCNT-2310760,1,murcko_scaffold,O=C(NC1CCN(C(=O)c2nncs2)CC1)c1ccccc1,O=C(NC1CCN(C(=O)c2nncs2)CC1)c1ccccc1
OCNT-2310565,SBEVTKDZMAJRNX,CYP1A2_R22_OCNT-2310153,1,murcko_scaffold,O=C(NC1CCN(c2ccccc2)C1)c1cnn(Cc2ccccc2)c1,O=C(NC1CCN(c2ccccc2)C1)c1cnn(Cc2ccccc2)c1
OCNT-2309806,TXWRWZKMDWLPJI,CYP2C9_R20_OCNT-2312486,1,murcko_scaffold,O=C(NC1CCOc2ccccc21)c1ccc2c(c1)CC(c1ccccc1)OC2=O,O=C(NC1CCOc2ccccc21)c1ccc2c(c1)CC(c1ccccc1)OC2=O
OCNT-2308810,JGLRPGXNNHQDGO,CYP2C9_R18_OCNT-2315528,1,murcko_scaffold,O=C(NCC1CCN(c2ccccc2)C1)c1c[nH]c2ncccc12,O=C(NCC1CCN(c2ccccc2)C1)c1c[nH]c2ncccc12
OCNT-2317512,RBHWHOHULGCWMO,CYP1A2_R19_OCNT-2308635,1,murcko_scaffold,O=C(NCCCc1ccccc1)N1CCCC1,O=C(NCCCc1ccccc1)N1CCCC1
OCNT-2315554,MCUGARSNQNMCRT,CYP2C9_R13_OCNT-2315368,1,murcko_scaffold,O=C(NCCCc1nc2ccccc2[nH]1)N1CCCC(n2ccnc2)C1,O=C(NCCCc1nc2ccccc2[nH]1)N1CCCC(n2ccnc2)C1
OCNT-2311681,HLXPTOWPJDRPRH,CYP1A2_R24_OCNT-2311592,1,murcko_scaffold,O=C(NCCNC(=O)c1c[nH]nc1-c1ccccc1)c1ccccc1,O=C(NCCNC(=O)c1c[nH]nc1-c1ccccc1)c1ccccc1
OCNT-2395544,GQYUWLZNMAPXLB,CYP3A4_R09_OCNT-2395674,1,murcko_scaffold,O=C(NCCS(=O)(=O)Nc1ccccc1)Nc1ccn(C2CCCCC2)n1,O=C(NCCS(=O)(=O)Nc1ccccc1)Nc1ccn(C2CCCCC2)n1
OCNT-2395652,ZHIAIEHGKQCKIB,CYP1A2_R08_OCNT-2314402,1,murcko_scaffold,O=C(NCCS(=O)(=O)Nc1ccccc1)Nc1ccn(Cc2ccccc2)n1,O=C(NCCS(=O)(=O)Nc1ccccc1)Nc1ccn(Cc2ccccc2)n1
OCNT-2308684,DHQWOWWYSIXUOX,CYP2C9_R10_OCNT-2311787,1,murcko_scaffold,O=C(NCCc1ccccc1)c1cc(-c2ccncc2)nc2ccccc12,O=C(NCCc1ccccc1)c1cc(-c2ccncc2)nc2ccccc12
OCNT-2395408,AFHWFGZHRNYYSU,CYP3A4_R08_OCNT-2312145,1,murcko_scaffold,O=C(NCCc1cccnc1)Nc1nccs1,O=C(NCCc1cccnc1)Nc1nccs1
OCNT-2312594,UZNUUAMSRUJWQX,CYP3A4_R16_OCNT-2310606,1,murcko_scaffold,O=C(NCCc1cnn(-c2ccccc2)n1)C1(c2ccccc2)CC1,O=C(NCCc1cnn(-c2ccccc2)n1)C1(c2ccccc2)CC1
OCNT-2315826,YWHGLLLODCPXHJ,CYP1A2_R03_OCNT-2310368,1,murcko_scaffold,O=C(NCCc1nc(-c2ccccc2)n[nH]1)c1ccccn1,O=C(NCCc1nc(-c2ccccc2)n[nH]1)c1ccccn1
OCNT-2313996,XMUSWZXWTNNACE,CYP1A2_R06_OCNT-2312418,1,murcko_scaffold,O=C(NCc1cc(-c2ccccc2)[nH]n1)c1cc(C2CC2)[nH]n1,O=C(NCc1cc(-c2ccccc2)[nH]n1)c1cc(C2CC2)[nH]n1
OCNT-2312833,MDLWJGRDRCYXTI,CYP1A2_R15_OCNT-2314977,1,murcko_scaffold,O=C(NCc1cc(-c2ccccc2)no1)[C@H]1OC[C@H]2CCC[C@H]21,O=C(NCc1cc(-c2ccccc2)no1)[C@H]1OC[C@H]2CCC[C@H]21
OCNT-2395456,SUWDPUGCBJMRIM,CYP2C9_R17_OCNT-2309935,1,murcko_scaffold,O=C(NCc1cc2n(n1)CCCC2)NC1CCC1,O=C(NCc1cc2n(n1)CCCC2)NC1CCC1
OCNT-2310240,LIVYGBIZZCPGDX,CYP1A2_R16_OCNT-2312610,1,murcko_scaffold,O=C(NCc1ccc(-c2ccncc2)cc1)NCc1ccc(-n2cccn2)cc1,O=C(NCc1ccc(-c2ccncc2)cc1)NCc1ccc(-n2cccn2)cc1
OCNT-2317345,XBWYDJLBZXBPSD,CYP3A4_R01_OCNT-2310988,1,murcko_scaffold,O=C(NCc1ccc(-n2ccnc2)cc1)Nc1cc[nH]n1,O=C(NCc1ccc(-n2ccnc2)cc1)Nc1cc[nH]n1
OCNT-2311336,LQKJYHIZCLRVAA,CYP2C9_R06_OCNT-2310890,1,murcko_scaffold,O=C(NCc1ccc(-n2ccnc2)nc1)C1CCCN1c1nccs1,O=C(NCc1ccc(-n2ccnc2)nc1)C1CCCN1c1nccs1
OCNT-2315245,LUUKVWARABOWOK,CYP2C9_R06_OCNT-2310890,1,murcko_scaffold,O=C(NCc1ccc(-n2ccnc2)nc1)c1n[nH]c(=O)c2ccccc12,O=C(NCc1ccc(-n2ccnc2)nc1)c1n[nH]c(=O)c2ccccc12
OCNT-2310997,SIPWPCZRIOWTLN,CYP1A2_R23_OCNT-2317285,1,murcko_scaffold,O=C(NCc1ccc(N2CCNCC2)nc1)N1CCC(Cc2ccccc2)C1,O=C(NCc1ccc(N2CCNCC2)nc1)N1CCC(Cc2ccccc2)C1
OCNT-2315093,NNYMFTQOHMHWPE,CYP1A2_R10_OCNT-2308998,1,murcko_scaffold,O=C(NCc1cccc(=O)[nH]1)c1cncc(-c2ccccc2)c1,O=C(NCc1cccc(=O)[nH]1)c1cncc(-c2ccccc2)c1
OCNT-2317818,CPILBGUKHQTHAL,CYP3A4_R11_OCNT-2309844,1,murcko_scaffold,O=C(NCc1ccccc1)N1CCC(n2ccnc2)CC1,O=C(NCc1ccccc1)N1CCC(n2ccnc2)CC1
OCNT-0482390,DHEWIZFKFPHWGB,CYP1A2_R19_OCNT-2308635,1,murcko_scaffold,O=C(NCc1ccccc1)c1ccc2nc(Cc3ccccc3)oc2c1,O=C(NCc1ccccc1)c1ccc2nc(Cc3ccccc3)oc2c1
OCNT-0482548,LCEKFJZASJXZAV,CYP1A2_R24_OCNT-2311592,1,murcko_scaffold,O=C(NCc1ccccc1)c1ccc2nc(Cc3ccccc3)oc2c1,O=C(NCc1ccccc1)c1ccc2nc(Cc3ccccc3)oc2c1
OCNT-2311121,YINKADFCKUPJHC,CYP1A2_R09_OCNT-2315130,1,murcko_scaffold,O=C(NCc1ccccc1)c1cccc(-c2ccncc2)n1,O=C(NCc1ccccc1)c1cccc(-c2ccncc2)n1
OCNT-2309664,NCBDIAFDYAWTPW,CYP3A4_R16_OCNT-2310606,1,murcko_scaffold,O=C(NCc1ccn(-c2ccccc2)n1)c1cc2ccccc2[nH]1,O=C(NCc1ccn(-c2ccccc2)n1)c1cc2ccccc2[nH]1
OCNT-2315535,OFISZVIUONZGOX,CYP3A4_R02_OCNT-2312554,1,murcko_scaffold,O=C(NCc1ccnc(-n2ccnc2)c1)NCC1CCOCC1,O=C(NCc1ccnc(-n2ccnc2)c1)NCC1CCOCC1
OCNT-2310061,QVXOTODHQDGDHT,CYP3A4_R02_OCNT-2312554,1,murcko_scaffold,O=C(NCc1ccnc(-n2cncn2)c1)N[C@@H]1CCCc2ccccc21,O=C(NCc1ccnc(-n2cncn2)c1)N[C@@H]1CCCc2ccccc21
OCNT-2395383,KNKFHOOEOAGPDF,CYP3A4_R18_OCNT-2395704,1,murcko_scaffold,O=C(NCc1ccncc1)c1ccc(S(=O)(=O)NC2CC2)cc1,O=C(NCc1ccncc1)c1ccc(S(=O)(=O)NC2CC2)cc1
OCNT-2309931,KKGXMRNXJMSNQL,CYP2C9_R10_OCNT-2311787,1,murcko_scaffold,O=C(NCc1cn(-c2ccccc2)nc1-c1ccncc1)Nc1c[nH]nc1-c1ccncc1,O=C(NCc1cn(-c2ccccc2)nc1-c1ccncc1)Nc1c[nH]nc1-c1ccncc1
OCNT-2314833,ZTGPOQMDDOIOQA,CYP2C9_R18_OCNT-2315528,1,murcko_scaffold,O=C(NCc1cnccn1)NCC1CCN(c2ccccc2)C1,O=C(NCc1cnccn1)NCC1CCN(c2ccccc2)C1
OCNT-2313177,FRXIOYNYLCVQGU,CYP1A2_R10_OCNT-2308998,1,murcko_scaffold,O=C(NCc1cscn1)c1cncc(-c2ccccc2)c1,O=C(NCc1cscn1)c1cncc(-c2ccccc2)c1
OCNT-2317895,CWBRZGJTIAQEGN,CYP3A4_R14_OCNT-2309351,1,murcko_scaffold,O=C(NCc1ncc[nH]1)NCC1(N2CCOCC2)CCCCC1,O=C(NCc1ncc[nH]1)NCC1(N2CCOCC2)CCCCC1
OCNT-2313726,JCBXMWZFTVXMIJ,CYP2C9_R25_OCNT-2313981,1,murcko_scaffold,O=C(N[C@@H]1CCc2ccccc21)c1ccccn1,O=C(N[C@@H]1CCc2ccccc21)c1ccccn1
OCNT-2311962,SIFZUHAWIFVZQI,CYP2C9_R04_OCNT-2316040,1,murcko_scaffold,O=C(N[C@H]1CCC(Cn2ccnc2)C1)C1CC2(CCC2)C1,O=C(N[C@H]1CCC(Cn2ccnc2)C1)C1CC2(CCC2)C1
OCNT-2311731,VWXNHHNSTRKTRD,CYP2C9_R04_OCNT-2316040,1,murcko_scaffold,O=C(N[C@H]1CCC(Cn2ccnc2)C1)c1ccc(C2=CCCC2)cc1,O=C(N[C@H]1CCC(Cn2ccnc2)C1)c1ccc(C2=CCCC2)cc1
OCNT-2309376,GBUSLTPPAQKFHD,CYP1A2_R04_OCNT-2313567,1,murcko_scaffold,O=C(Nc1c[nH]nc1-c1ccccc1)c1cccc(-c2ncn[nH]2)c1,O=C(Nc1c[nH]nc1-c1ccccc1)c1cccc(-c2ncn[nH]2)c1
OCNT-2308896,IWYYRRQCEGSTII,CYP1A2_R04_OCNT-2313567,1,murcko_scaffold,O=C(Nc1c[nH]nc1-c1ccccn1)c1cccnc1,O=C(Nc1c[nH]nc1-c1ccccn1)c1cccnc1
OCNT-2316738,ARBBCNULKSAECM,CYP1A2_R08_OCNT-2314402,1,murcko_scaffold,O=C(Nc1cc(C2CC2)[nH]n1)Nc1cccc2ccccc12,O=C(Nc1cc(C2CC2)[nH]n1)Nc1cccc2ccccc12
OCNT-2395401,YICSFNCAIRPWQX,CYP2C9_R23_OCNT-2312797,1,murcko_scaffold,O=C(Nc1cc2n(n1)CCCC2)c1ccco1,O=C(Nc1cc2n(n1)CCCC2)c1ccco1
OCNT-2310716,BZLXGFYLRNUUNG,CYP2C9_R23_OCNT-2312797,1,murcko_scaffold,O=C(Nc1cc2n(n1)CCCC2)c1cnn2cccnc12,O=C(Nc1cc2n(n1)CCCC2)c1cnn2cccnc12
OCNT-2318000,BLHWMBAQHCSKAB,CYP3A4_R05_OCNT-2314300,1,murcko_scaffold,O=C(Nc1cc[nH]n1)c1ccccc1,O=C(Nc1cc[nH]n1)c1ccccc1
OCNT-2311676,XTHYOHCNADPCDX,CYP1A2_R02_OCNT-2317954,1,murcko_scaffold,O=C(Nc1ccc(Cn2ccnc2)cc1)c1ccnc2[nH]ccc12,O=C(Nc1ccc(Cn2ccnc2)cc1)c1ccnc2[nH]ccc12
OCNT-2315148,RYUHAUCQHUWDOU,CYP1A2_R08_OCNT-2314402,1,murcko_scaffold,O=C(Nc1cccc(-c2cccnc2)c1)C1CC1,O=C(Nc1cccc(-c2cccnc2)c1)C1CC1
OCNT-2315700,GKQIHKQBYDZVAO,CYP1A2_R05_OCNT-2310298,1,murcko_scaffold,O=C(Nc1cccc(-c2ncon2)c1)c1ccccc1,O=C(Nc1cccc(-c2ncon2)c1)c1ccccc1
OCNT-2317208,DSLZMQBZYLSBTB,CYP3A4_R12_OCNT-2311697,1,murcko_scaffold,O=C(Nc1ccccc1)C1CCCN1C(=O)CCc1ccco1,O=C(Nc1ccccc1)C1CCCN1C(=O)CCc1ccco1
OCNT-2311819,CDJZECPEHULQQM,CYP3A4_R05_OCNT-2314300,1,murcko_scaffold,O=C(Nc1ccccc1)c1ccc(NS(=O)(=O)c2ccccc2)cc1,O=C(Nc1ccccc1)c1ccc(NS(=O)(=O)c2ccccc2)cc1
OCNT-2308744,XFLBADZEIKRUNC,CYP2C9_R16_OCNT-2310262,1,murcko_scaffold,O=C(Nc1ccccc1)c1cccc(C(=O)N2CCN(c3ccccn3)CC2)c1,O=C(Nc1ccccc1)c1cccc(C(=O)N2CCN(c3ccccn3)CC2)c1
OCNT-0493933,WZKBPTIRLCFSPF,CYP1A2_R11_OCNT-2313625,1,murcko_scaffold,O=C(Nc1ccccc1)c1cccc2cccnc12,O=C(Nc1ccccc1)c1cccc2cccnc12
OCNT-2316068,JPVSNCKCEXNVEF,CYP1A2_R04_OCNT-2313567,1,murcko_scaffold,O=C(Nc1ccccc1)c1cccc2cccnc12,O=C(Nc1ccccc1)c1cccc2cccnc12
OCNT-2311474,KVGFXFUOPKKBHC,CYP3A4_R24_OCNT-2311092,1,murcko_scaffold,O=C(Nc1ccccc1)c1cn[nH]c1,O=C(Nc1ccccc1)c1cn[nH]c1
OCNT-2310901,HDXXWIMMIYDYQO,CYP1A2_R05_OCNT-2310298,1,murcko_scaffold,O=C(Nc1ccccc1)c1nc2cnccc2s1,O=C(Nc1ccccc1)c1nc2cnccc2s1
OCNT-2317130,PBUCVFFCPCFPAI,CYP1A2_R05_OCNT-2310298,1,murcko_scaffold,O=C(Nc1ccccc1-c1nc2ccccc2s1)C1CCNCC1,O=C(Nc1ccccc1-c1nc2ccccc2s1)C1CCNCC1
OCNT-2313520,DXYSPHKBHCXQEK,CYP1A2_R10_OCNT-2308998,1,murcko_scaffold,O=C(Nc1ccccc1N1CCCCC1)c1cncc(-c2cn[nH]c2)c1,O=C(Nc1ccccc1N1CCCCC1)c1cncc(-c2cn[nH]c2)c1
OCNT-0497498,ZBLHKJMPDFGDTA,CYP1A2_R09_OCNT-2315130,1,murcko_scaffold,O=C(Nc1ccccc1N1CCOCC1)c1cc(-c2ccncc2)nc2ccccc12,O=C(Nc1ccccc1N1CCOCC1)c1cc(-c2ccncc2)nc2ccccc12
OCNT-2317476,YKCSTTVXHKLLAP,CYP2C9_R15_OCNT-2318117,1,murcko_scaffold,O=C(Nc1ccccn1)C1CCCN(CCN2C(=O)NC3(CCCC3)C2=O)C1,O=C(Nc1ccccn1)C1CCCN(CCN2C(=O)NC3(CCCC3)C2=O)C1
OCNT-2312617,NKDOBKPPCCBZAM,CYP2C9_R15_OCNT-2318117,1,murcko_scaffold,O=C(Nc1ccccn1)C1CCNCC1,O=C(Nc1ccccn1)C1CCNCC1
OCNT-2310117,NCWLJEVSBCJHNM,CYP1A2_R10_OCNT-2308998,1,murcko_scaffold,O=C(Nc1cccnc1)c1cncc(-c2ccccc2)c1,O=C(Nc1cccnc1)c1cncc(-c2ccccc2)c1
OCNT-2318399,DJTKECHTBVUIMX,CYP1A2_R11_OCNT-2313625,1,murcko_scaffold,O=C(Nc1ccncc1)c1cccc(NS(=O)(=O)c2ccccc2)c1,O=C(Nc1ccncc1)c1cccc(NS(=O)(=O)c2ccccc2)c1
OCNT-2312495,URZCPZIXXWCLIY,CYP3A4_R24_OCNT-2311092,1,murcko_scaffold,O=C(Nc1n[nH]c2ccccc12)c1cnn(-c2ccccc2)c1,O=C(Nc1n[nH]c2ccccc12)c1cnn(-c2ccccc2)c1
OCNT-2313099,XMGSKHFJBUJBTI,CYP2C9_R25_OCNT-2313981,1,murcko_scaffold,O=C(Nc1nccnc1C1CC1)c1ccccc1,O=C(Nc1nccnc1C1CC1)c1ccccc1
OCNT-2309499,BUVOPHNIEJYTGR,CYP2C9_R12_OCNT-2315584,1,murcko_scaffold,O=C(Nc1nccs1)N1CCOc2ccccc2C1,O=C(Nc1nccs1)N1CCOc2ccccc2C1
OCNT-2309042,MLWJNKOKQZCQFM,CYP1A2_R17_OCNT-2316906,1,murcko_scaffold,O=C(Nc1nnc[nH]1)c1ccn(-c2ccccc2)n1,O=C(Nc1nnc[nH]1)c1ccn(-c2ccccc2)n1
OCNT-0497499,LZOCRTGDFVXVLX,CYP1A2_R06_OCNT-2312418,1,murcko_scaffold,O=C(OCc1csc(-c2ccccc2)n1)c1cccs1,O=C(OCc1csc(-c2ccccc2)n1)c1cccs1
OCNT-2395376,ORTWNJZUAIUYKM,CYP2C9_R24_OCNT-2315950,1,murcko_scaffold,O=C(c1[nH]nc2ccccc12)N1CCCc2ccccc21,O=C(c1[nH]nc2ccccc12)N1CCCc2ccccc21
OCNT-2395540,NJZASXAFCYBIIS,CYP2C9_R24_OCNT-2315950,1,murcko_scaffold,O=C(c1[nH]nc2ccccc12)N1CCCc2ccccc21,O=C(c1[nH]nc2ccccc12)N1CCCc2ccccc21
OCNT-2395641,UDCKCJBOMZTNLE,CYP2C9_R24_OCNT-2315950,1,murcko_scaffold,O=C(c1[nH]nc2ccccc12)N1CCCc2ccccc21,O=C(c1[nH]nc2ccccc12)N1CCCc2ccccc21
OCNT-2395772,NSKDYCIRIAJLLX,CYP2C9_R24_OCNT-2315950,1,murcko_scaffold,O=C(c1[nH]nc2ccccc12)N1CCCc2ccccc21,O=C(c1[nH]nc2ccccc12)N1CCCc2ccccc21
OCNT-2395776,MXUJLCXEOWHBQS,CYP2C9_R24_OCNT-2315950,1,murcko_scaffold,O=C(c1[nH]nc2ccccc12)N1CCCc2ccccc21,O=C(c1[nH]nc2ccccc12)N1CCCc2ccccc21
OCNT-2395712,SPZQDXGBZLHTIG,CYP3A4_R03_OCNT-2395274,1,murcko_scaffold,O=C(c1c[nH]nn1)N1CCN(C2CC2)c2ccccc21,O=C(c1c[nH]nn1)N1CCN(C2CC2)c2ccccc21
OCNT-2311602,AIDXPYZJTIDUSC,CYP2C9_R12_OCNT-2315584,1,murcko_scaffold,O=C(c1ccc(-c2nnco2)cc1)N1CCC(c2ccncc2)CC1,O=C(c1ccc(-c2nnco2)cc1)N1CCC(c2ccncc2)CC1
OCNT-2317134,UXDPKMLAHNSVRK,CYP3A4_R25_OCNT-2395447,1,murcko_scaffold,O=C(c1ccc2[nH]ccc2c1)N1CCCCC1c1ncc[nH]1,O=C(c1ccc2[nH]ccc2c1)N1CCCCC1c1ncc[nH]1
OCNT-2309670,LEPILDQORMQWAC,CYP2C9_R16_OCNT-2310262,1,murcko_scaffold,O=C(c1cccc(Nc2ccccc2)c1)N1CCN(C2=NS(=O)(=O)c3ccccc32)CC1,O=C(c1cccc(Nc2ccccc2)c1)N1CCN(C2=NS(=O)(=O)c3ccccc32)CC1
OCNT-2317316,HXTZWUVDAMAHMH,CYP2C9_R07_OCNT-2314387,1,murcko_scaffold,O=C(c1ccccc1)N1CCC(Cc2cccnc2)CC1,O=C(c1ccccc1)N1CCC(Cc2cccnc2)CC1
OCNT-2315991,OXEBQHUGNKQHBU,CYP2C9_R08_OCNT-2312606,1,murcko_scaffold,O=C(c1ccccc1)N1CCC(c2c[nH]c3ncccc23)CC1,O=C(c1ccccc1)N1CCC(c2c[nH]c3ncccc23)CC1
OCNT-0463268,WZZUMLRHKWRRHR,CYP2C9_R01_OCNT-2315972,1,murcko_scaffold,O=C(c1ccccc1)N1CCC(c2nc(-c3ccccc3)no2)CC1,O=C(c1ccccc1)N1CCC(c2nc(-c3ccccc3)no2)CC1
OCNT-0475205,RRPRWRSJUGGBHT,CYP2C9_R14_OCNT-2310760,1,murcko_scaffold,O=C(c1ccccc1)N1CCCCC1,O=C(c1ccccc1)N1CCCCC1
OCNT-2311582,ZEPYVNPXMMPJQB,CYP2C9_R16_OCNT-2310262,1,murcko_scaffold,O=C(c1cccnc1)N1CCN(c2ccccn2)CC1,O=C(c1cccnc1)N1CCN(c2ccccn2)CC1
OCNT-2395682,YSXFALBFZPSVAY,CYP3A4_R25_OCNT-2395447,1,murcko_scaffold,O=C(c1ccn[nH]1)N1CCCCC1c1ncc[nH]1,O=C(c1ccn[nH]1)N1CCCCC1c1ncc[nH]1
OCNT-2310433,TUTNRJIYQDWINN,CYP3A4_R02_OCNT-2312554,1,murcko_scaffold,O=C(c1ccnc(-n2ccnc2)c1)N1CCOc2ccccc2C1,O=C(c1ccnc(-n2ccnc2)c1)N1CCOc2ccccc2C1
OCNT-2311071,DYUYVURCSOVEDN,CYP2C9_R08_OCNT-2312606,1,murcko_scaffold,O=C(c1ccnc2oncc12)N1CCC(n2c(=O)[nH]c3ccccc32)CC1,O=C(c1ccnc2oncc12)N1CCC(n2c(=O)[nH]c3ccccc32)CC1
OCNT-2395502,ZDFFDMZFFSSVFR,CYP3A4_R25_OCNT-2395447,1,murcko_scaffold,O=C(c1cn[nH]c1)N1CCCCC1c1ncc[nH]1,O=C(c1cn[nH]c1)N1CCCCC1c1ncc[nH]1
OCNT-2395795,SCPRVCRZHVPKLD,CYP3A4_R25_OCNT-2395447,1,murcko_scaffold,O=C(c1cn[nH]c1)N1CCCCC1c1ncc[nH]1,O=C(c1cn[nH]c1)N1CCCCC1c1ncc[nH]1
OCNT-2314570,VYPAFGXRKCBKND,CYP2C9_R13_OCNT-2315368,1,murcko_scaffold,O=C(c1cnc2c(cnn2Cc2ccccc2)c1)N1CCCc2[nH]ncc2C1,O=C(c1cnc2c(cnn2Cc2ccccc2)c1)N1CCCc2[nH]ncc2C1
OCNT-2318561,RGZHJDLYBPQKIJ,CYP1A2_R10_OCNT-2308998,1,murcko_scaffold,O=C(c1cncc(-c2ccccc2)c1)N1CCc2ccc(S(=O)(=O)N3CCCC3)cc21,O=C(c1cncc(-c2ccccc2)c1)N1CCc2ccc(S(=O)(=O)N3CCCC3)cc21
OCNT-2317028,IROJCVZEMVZADB,CYP3A4_R24_OCNT-2311092,1,murcko_scaffold,O=C(c1cnn(-c2ccncc2)c1)N1CCNCC1,O=C(c1cnn(-c2ccncc2)c1)N1CCNCC1
OCNT-2310736,ABVGSGYZENIXJG,CYP3A4_R01_OCNT-2310988,1,murcko_scaffold,O=C1COc2cc(NC(=O)NCc3ccc(-n4ccnc4)cc3)ccc2N1,O=C1COc2cc(NC(=O)NCc3ccc(-n4ccnc4)cc3)ccc2N1
OCNT-0494198,IAJDPLVEAODVRN,CYP1A2_R15_OCNT-2314977,1,murcko_scaffold,O=C1c2ccccc2C(=O)N1Cc1csc(-c2cccs2)n1,O=C1c2ccccc2C(=O)N1Cc1csc(-c2cccs2)n1
OCNT-2316093,GGQJTMVJNYFFAV,CYP2C9_R09_OCNT-2313901,1,murcko_scaffold,O=S(=O)(NC1CCOc2ccccc21)c1ccccc1,O=S(=O)(NC1CCOc2ccccc21)c1ccccc1
OCNT-2395386,SRQOTCAYYLJUGZ,CYP3A4_R04_OCNT-2395590,1,murcko_scaffold,O=S(=O)(Nc1cccc2c1C1CCC2N1)c1sccc1C1CC1,O=S(=O)(Nc1cccc2c1C1CCC2N1)c1sccc1C1CC1
OCNT-2318155,KVARMYQTKIRGCQ,CYP3A4_R21_OCNT-2395511,1,murcko_scaffold,O=S(=O)(Nc1ccccc1)c1cnn(C2CCOC2)c1,O=S(=O)(Nc1ccccc1)c1cnn(C2CCOC2)c1
OCNT-2395598,QXRGFDPWLBFMTO,CYP3A4_R04_OCNT-2395590,1,murcko_scaffold,O=S(=O)(Nc1ccccc1C1CC1)c1sccc1C1CC1,O=S(=O)(Nc1ccccc1C1CC1)c1sccc1C1CC1
OCNT-2395725,QTFAXBVQCAYEKF,CYP3A4_R17_OCNT-2316432,1,murcko_scaffold,O=S(=O)(Nc1ccccc1N1CCOCC1)c1cnoc1,O=S(=O)(Nc1ccccc1N1CCOCC1)c1cnoc1
OCNT-0022271,YVUQSNJEYSNKRX,CYP2C9_R08_OCNT-2312606,1,murcko_scaffold,O=c1[nH]c2ccccc2n1C1CCN(CCCC(c2ccccc2)c2ccccc2)CC1,O=c1[nH]c2ccccc2n1C1CCN(CCCC(c2ccccc2)c2ccccc2)CC1
OCNT-2316176,IVLDPMHWGKSBBD,CYP2C9_R17_OCNT-2309935,1,murcko_scaffold,c1c(CNCC2CCCCC2)nn2c1CCCC2,c1c(CNCC2CCCCC2)nn2c1CCCC2
OCNT-2395464,AUMILXDYXNJZGO,CYP3A4_R15_OCNT-2395436,1,murcko_scaffold,c1cc(NCC2CC2)ccn1,c1cc(NCC2CC2)ccn1
OCNT-2309204,CXEGWPXHHRYGGB,CYP2C9_R25_OCNT-2313981,1,murcko_scaffold,c1ccc(-c2cn([C@@H]3CCOc4ccccc43)nn2)cc1,c1ccc(-c2cn([C@@H]3CCOc4ccccc43)nn2)cc1
OCNT-2310473,MTAKEIICAOLKFM,CYP1A2_R01_OCNT-2316568,1,murcko_scaffold,c1ccc(-c2noc(C3CCN(Cc4ncccn4)CC3)n2)cc1,c1ccc(-c2noc(C3CCN(Cc4ncccn4)CC3)n2)cc1
OCNT-2317346,GWBBYACWVZJDHF,CYP3A4_R11_OCNT-2309844,1,murcko_scaffold,c1ccc(-c2noc(CN3CCCC(n4ccnc4)C3)n2)cc1,c1ccc(-c2noc(CN3CCCC(n4ccnc4)C3)n2)cc1
OCNT-0497368,AELMNLIYFALJIR,CYP1A2_R18_OCNT-2315212,1,murcko_scaffold,c1ccc(CNc2nc(-c3cccnc3)nc3ccccc23)cc1,c1ccc(CNc2nc(-c3cccnc3)nc3ccccc23)cc1
OCNT-0498026,DARGVYVMURXBSO,CYP1A2_R01_OCNT-2316568,1,murcko_scaffold,c1ccc(Cn2ccnc2)cc1,c1ccc(Cn2ccnc2)cc1
OCNT-0493346,LPEPZBJOKDYZAD,CYP1A2_R13_OCNT-2311797,1,murcko_scaffold,c1ccc(Nc2ccccc2)cc1,c1ccc(Nc2ccccc2)cc1
OCNT-2395453,IVQJENGSTOXPMW,CYP2C9_R17_OCNT-2309935,1,murcko_scaffold,c1ccc(SCc2cc3n(n2)CCCC3)cc1,c1ccc(SCc2cc3n(n2)CCCC3)cc1
OCNT-2395495,LORROHMPLWAYJF,CYP2C9_R17_OCNT-2309935,1,murcko_scaffold,c1ccc(SCc2cc3n(n2)CCCC3)cc1,c1ccc(SCc2cc3n(n2)CCCC3)cc1
OCNT-2395761,BYKZUEOSWYGKMJ,CYP2C9_R17_OCNT-2309935,1,murcko_scaffold,c1ccc(SCc2cc3n(n2)CCCC3)cc1,c1ccc(SCc2cc3n(n2)CCCC3)cc1
OCNT-2395599,GAJPAQZXVDIPFZ,CYP3A4_R23_OCNT-2395731,1,murcko_scaffold,c1ccc2c(c1)nc(SCC1CCOCC1)n1ncnc21,c1ccc2c(c1)nc(SCC1CCOCC1)n1ncnc21
OCNT-2395603,SZQLDCNOSRKNKT,CYP3A4_R23_OCNT-2395731,1,murcko_scaffold,c1ccc2c(c1)nc(SCCC1CCOC1)n1ncnc21,c1ccc2c(c1)nc(SCCC1CCOC1)n1ncnc21
OCNT-2311393,YLSWGQHOTLFTSG,CYP3A4_R23_OCNT-2395731,1,murcko_scaffold,c1ccc2c(c1)ncn1ncnc21,c1ccc2c(c1)ncn1ncnc21
OCNT-2395604,QXNNIJXFDISYFL,CYP3A4_R23_OCNT-2395731,1,murcko_scaffold,c1ccc2c(c1)ncn1ncnc21,c1ccc2c(c1)ncn1ncnc21
OCNT-2395774,FHYNURLETVEOII,CYP3A4_R23_OCNT-2395731,1,murcko_scaffold,c1ccc2c(c1)ncn1ncnc21,c1ccc2c(c1)ncn1ncnc21
OCNT-2328323,XYCMOTOFHFTUIU,CYP1A2_R20_OCNT-0018684,1,murcko_scaffold,c1ccccc1,c1ccccc1
OCNT-2328446,SSMSBSWKLKKXGG,CYP1A2_R20_OCNT-0018684,1,murcko_scaffold,c1ccccc1,c1ccccc1
OCNT-2328733,IUWVALYLNVXWKX,CYP1A2_R21_OCNT-2328316,1,murcko_scaffold,c1ccccc1,c1ccccc1
OCNT-2328748,DURULFYMVIFBIR,CYP1A2_R20_OCNT-0018684,1,murcko_scaffold,c1ccccc1,c1ccccc1
OCNT-2328752,GKCBAIGFKIBETG,CYP1A2_R21_OCNT-2328316,1,murcko_scaffold,c1ccccc1,c1ccccc1
OCNT-2328798,NUVBSKCKDOMJSU,CYP1A2_R21_OCNT-2328316,1,murcko_scaffold,c1ccccc1,c1ccccc1
OCNT-2328840,HSRJKNPTNIJEKV,CYP1A2_R20_OCNT-0018684,1,murcko_scaffold,c1ccccc1,c1ccccc1
OCNT-2328886,XLOYQLAMNLMXCE,CYP1A2_R20_OCNT-0018684,1,murcko_scaffold,c1ccccc1,c1ccccc1
OCNT-2328941,VLDFMKOUUQYFGF,CYP1A2_R21_OCNT-2328316,1,murcko_scaffold,c1ccccc1,c1ccccc1
OCNT-2328961,QELSKZZBTMNZEB,CYP1A2_R21_OCNT-2328316,1,murcko_scaffold,c1ccccc1,c1ccccc1
OCNT-2328974,WYWZRNAHINYAEF,CYP1A2_R21_OCNT-2328316,1,murcko_scaffold,c1ccccc1,c1ccccc1
OCNT-2316676,DDYQMQHUOWCBKE,CYP1A2_R01_OCNT-2316568,1,murcko_scaffold,c1cn(-c2ccc(-c3noc(C4CCOCC4)n3)cc2)cn1,c1cn(-c2ccc(-c3noc(C4CCOCC4)n3)cc2)cn1
OCNT-2312932,PSDQGZLAVGATAM,CYP2C9_R05_OCNT-2317181,1,murcko_scaffold,c1cnc(N2CCC(c3ccncc3)CC2)nc1,c1cnc(N2CCC(c3ccncc3)CC2)nc1
OCNT-0497383,JFOVNJQCUHRYOI,CYP1A2_R18_OCNT-2315212,1,murcko_scaffold,c1cncc(-c2nc(NCC3COc4ccccc4O3)c3ccccc3n2)c1,c1cncc(-c2nc(NCC3COc4ccccc4O3)c3ccccc3n2)c1
OCNT-2315394,ISTVQRMBDXXFIL,CYP2C9_R12_OCNT-2315584,2,murcko_scaffold,O=C(C1SCCc2sccc21)N1CCC(c2ccncc2)CC1,O=C(C1SCCc2sccc21)N1CCC(c2ccncc2)CC1
OCNT-2313188,RHWCGKBEHRZPHU,CYP1A2_R16_OCNT-2312610,2,murcko_scaffold,O=C(CCC1CCCCC1)NCc1ccc(C(=O)Nc2ccncc2)cc1,O=C(CCC1CCCCC1)NCc1ccc(C(=O)Nc2ccncc2)cc1
OCNT-0022301,FEBOTPHFXYHVPL,CYP2C9_R08_OCNT-2312606,2,murcko_scaffold,O=C(CCCN1CCC(n2c(=O)[nH]c3ccccc32)CC1)c1ccccc1,O=C(CCCN1CCC(n2c(=O)[nH]c3ccccc32)CC1)c1ccccc1
OCNT-0479245,DSWJFBKNAGDULT,CYP1A2_R15_OCNT-2314977,2,murcko_scaffold,O=C(CCCc1cc(-c2ccccc2)on1)NCCc1ccccc1,O=C(CCCc1cc(-c2ccccc2)on1)NCCc1ccccc1
OCNT-0479247,BTTYIMBOILEUCO,CYP1A2_R15_OCNT-2314977,2,murcko_scaffold,O=C(CCCc1cc(-c2ccccc2)on1)NCCc1ccccc1,O=C(CCCc1cc(-c2ccccc2)on1)NCCc1ccccc1
OCNT-0479249,HJYOKUAYLVOYOT,CYP1A2_R24_OCNT-2311592,2,murcko_scaffold,O=C(CCCc1cc(-c2ccccc2)on1)NCCc1ccccc1,O=C(CCCc1cc(-c2ccccc2)on1)NCCc1ccccc1
OCNT-0479500,YXNNRZXBXMVHAG,CYP1A2_R15_OCNT-2314977,2,murcko_scaffold,O=C(CCCc1cc(-c2ccccc2)on1)NCc1ccccc1,O=C(CCCc1cc(-c2ccccc2)on1)NCc1ccccc1
OCNT-2311259,JFGIKQWZIKRTIL,CYP2C9_R07_OCNT-2314387,2,murcko_scaffold,O=C(CCN1C(=O)CCC1=O)N1CCC(Cc2ccccc2)CC1,O=C(CCN1C(=O)CCC1=O)N1CCC(Cc2ccccc2)CC1
OCNT-2310006,PFNJCNWOBAUXCO,CYP2C9_R02_OCNT-2312302,2,murcko_scaffold,O=C(CCNC(=O)c1c[nH]c2ccccc12)Nc1ccc(-n2cnc3ccccc32)cc1,O=C(CCNC(=O)c1c[nH]c2ccccc12)Nc1ccc(-n2cnc3ccccc32)cc1
OCNT-0461825,JNLSRGUPVAJJNM,CYP2C9_R11_OCNT-2309809,2,murcko_scaffold,O=C(CCc1c[nH]c2ccccc12)N1CCC(NS(=O)(=O)c2ccccc2)CC1,O=C(CCc1c[nH]c2ccccc12)N1CCC(NS(=O)(=O)c2ccccc2)CC1
OCNT-0458027,QSCBHJKAJWLVPB,CYP2C9_R01_OCNT-2315972,2,murcko_scaffold,O=C(CCc1c[nH]c2ccccc12)N1CCN(c2ccc(-c3ncon3)cc2)CC1,O=C(CCc1c[nH]c2ccccc12)N1CCN(c2ccc(-c3ncon3)cc2)CC1
OCNT-2317368,INKIPGZBLPASRD,CYP1A2_R23_OCNT-2317285,2,murcko_scaffold,O=C(CCc1ccccc1)N1CCCNCC1,O=C(CCc1ccccc1)N1CCCNCC1
OCNT-2395680,SVHXLBHHDFWNFL,CYP2C9_R01_OCNT-2315972,2,murcko_scaffold,O=C(CCc1nc(C2CCCC2)no1)N1CCCCCC1,O=C(CCc1nc(C2CCCC2)no1)N1CCCCCC1
OCNT-2311370,IFDGZZUSIYMRQQ,CYP1A2_R16_OCNT-2312610,2,murcko_scaffold,O=C(CN1C(=O)C2CCCCC2C1=O)NCc1ccc(-c2cccnc2)cc1,O=C(CN1C(=O)C2CCCCC2C1=O)NCc1ccc(-c2cccnc2)cc1
OCNT-2317916,OHJTXRFTXHDJSZ,CYP1A2_R08_OCNT-2314402,2,murcko_scaffold,O=C(CN1CCC(Cc2cccnc2)CC1)Nc1ccccc1,O=C(CN1CCC(Cc2cccnc2)CC1)Nc1ccccc1
OCNT-2315395,YBPKRBILFQUIEO,CYP1A2_R17_OCNT-2316906,2,murcko_scaffold,O=C(CNC(=O)c1cc[nH]c1)Nc1cccnc1,O=C(CNC(=O)c1cc[nH]c1)Nc1cccnc1
OCNT-0482222,OVTLOSXFOPWNAJ,CYP1A2_R24_OCNT-2311592,2,murcko_scaffold,O=C(COc1ccccc1)NCCc1cnc(-c2ccccc2)s1,O=C(COc1ccccc1)NCCc1cnc(-c2ccccc2)s1
OCNT-2314801,MSJUBWSXQQCCCY,CYP2C9_R03_OCNT-2313300,2,murcko_scaffold,O=C(COc1ccccc1-n1ccnc1)Nc1ccccc1,O=C(COc1ccccc1-n1ccnc1)Nc1ccccc1
OCNT-0479344,RADGGJYQUUAOAC,CYP2C9_R19_OCNT-2308674,2,murcko_scaffold,O=C(CSc1nc(-c2ccccc2)[nH]c1-c1ccccc1)Nc1ccc2c(c1)OCCO2,O=C(CSc1nc(-c2ccccc2)[nH]c1-c1ccccc1)Nc1ccc2c(c1)OCCO2
OCNT-2315731,CZSAMRIBHKTNAZ,CYP2C9_R11_OCNT-2309809,2,murcko_scaffold,O=C(Cc1c[nH]c2ccccc12)N1CCN(c2cc(=O)[nH]cn2)CC1,O=C(Cc1c[nH]c2ccccc12)N1CCN(c2cc(=O)[nH]cn2)CC1
OCNT-2310822,PAZGEARGQQZYLI,CYP2C9_R16_OCNT-2310262,2,murcko_scaffold,O=C(Cc1ccccc1)N1CCN(c2ccccn2)CC1,O=C(Cc1ccccc1)N1CCN(c2ccccn2)CC1
OCNT-2316921,LMBJRHSTZKEVBI,CYP3A4_R14_OCNT-2309351,2,murcko_scaffold,O=C(Cc1ccccc1)NCC1(N2CCCCC2)CCOCC1,O=C(Cc1ccccc1)NCC1(N2CCCCC2)CCOCC1
OCNT-0482146,UMSOGALGNZBZDY,CYP1A2_R24_OCNT-2311592,2,murcko_scaffold,O=C(Cc1ccccc1)NCCc1cnc(-c2ccccc2)s1,O=C(Cc1ccccc1)NCCc1cnc(-c2ccccc2)s1
OCNT-2312892,RROMXXKPNPHXSO,CYP1A2_R15_OCNT-2314977,2,murcko_scaffold,O=C(Cc1ccon1)N1CCC(c2ccccc2)CC1,O=C(Cc1ccon1)N1CCC(c2ccccc2)CC1
OCNT-2318171,GVZBSYAQXVSFEA,CYP2C9_R25_OCNT-2313981,2,murcko_scaffold,O=C(Cc1cn2ccccc2n1)NC1CCCOc2ccccc21,O=C(Cc1cn2ccccc2n1)NC1CCCOc2ccccc21
OCNT-2309501,WHAVHVFYGLIVRF,CYP1A2_R08_OCNT-2314402,2,murcko_scaffold,O=C(Cc1cnn(Cc2ccccc2)c1)Nc1cc[nH]n1,O=C(Cc1cnn(Cc2ccccc2)c1)Nc1cc[nH]n1
OCNT-2317105,WJZHHMLLNOOCCB,CYP3A4_R12_OCNT-2311697,2,murcko_scaffold,O=C(Cn1cncn1)N1CCCC1Cc1ccccc1,O=C(Cn1cncn1)N1CCCC1Cc1ccccc1
OCNT-2395296,PYTABQYAEROVHF,CYP3A4_R13_OCNT-2395372,2,murcko_scaffold,O=C(NC1CC1)[C@@H]1Cc2ccccc2CN1Cc1ccn[nH]1,O=C(NC1CC1)[C@@H]1Cc2ccccc2CN1Cc1ccn[nH]1
OCNT-2395630,GMPRGCWMJRGDGJ,CYP3A4_R13_OCNT-2395372,2,murcko_scaffold,O=C(NC1CC1)[C@@H]1Cc2ccccc2CN1Cc1cn2ccccc2n1,O=C(NC1CC1)[C@@H]1Cc2ccccc2CN1Cc1cn2ccccc2n1
OCNT-2316438,FFXRXVHUHDFJBQ,CYP3A4_R13_OCNT-2395372,2,murcko_scaffold,O=C(NC1CC1)[C@H]1Cc2ccccc2CN1Cc1cc[nH]n1,O=C(NC1CC1)[C@H]1Cc2ccccc2CN1Cc1cc[nH]n1
OCNT-2395587,ZGPIRWZXAQMHTR,CYP3A4_R13_OCNT-2395372,2,murcko_scaffold,O=C(NC1CC1)[C@H]1Cc2ccccc2CN1Cc1cnn[nH]1,O=C(NC1CC1)[C@H]1Cc2ccccc2CN1Cc1cnn[nH]1
OCNT-2313821,MGMUDDVTYLQJBC,CYP1A2_R23_OCNT-2317285,2,murcko_scaffold,O=C(NC1CCC1)C1CCN(C(=O)CCc2ccccc2)CC1,O=C(NC1CCC1)C1CCN(C(=O)CCc2ccccc2)CC1
OCNT-0494698,ZNNLBTZKUZBEKO,CYP3A4_R18_OCNT-2395704,2,murcko_scaffold,O=C(NC1CCCCC1)NS(=O)(=O)c1ccc(CCNC(=O)c2ccccc2)cc1,O=C(NC1CCCCC1)NS(=O)(=O)c1ccc(CCNC(=O)c2ccccc2)cc1
OCNT-2316163,KKEULVBKRYJFFQ,CYP2C9_R20_OCNT-2312486,2,murcko_scaffold,O=C(NC1CCCN(C(=O)c2cocn2)C1)c1ccccc1,O=C(NC1CCCN(C(=O)c2cocn2)C1)c1ccccc1
OCNT-2309877,YKVLNDDAPLQHQD,CYP1A2_R23_OCNT-2317285,2,murcko_scaffold,O=C(NC1CCN(C(=O)CCc2ccccc2)CC1)c1cccc2nn[nH]c12,O=C(NC1CCN(C(=O)CCc2ccccc2)CC1)c1cccc2nn[nH]c12
OCNT-2317062,QITAFAPBPCOIGF,CYP2C9_R14_OCNT-2310760,2,murcko_scaffold,O=C(NC1CCN(C(=O)c2ccccc2)CC1)c1ccccn1,O=C(NC1CCN(C(=O)c2ccccc2)CC1)c1ccccn1
OCNT-2310910,APVVXJIVTKDFLO,CYP2C9_R14_OCNT-2310760,2,murcko_scaffold,O=C(NC1CCN(C(=O)c2ccccc2)CC1)c1ccoc1,O=C(NC1CCN(C(=O)c2ccccc2)CC1)c1ccoc1
OCNT-2316711,FJPMDIBRGPUWFV,CYP1A2_R22_OCNT-2310153,2,murcko_scaffold,O=C(NC1CCN(c2ccccc2)C1)c1ccccc1,O=C(NC1CCN(c2ccccc2)C1)c1ccccc1
OCNT-2318036,YSXZJLYRWWXLBJ,CYP1A2_R22_OCNT-2310153,2,murcko_scaffold,O=C(NC1CCN(c2ccccc2)C1)c1ccccc1,O=C(NC1CCN(c2ccccc2)C1)c1ccccc1
OCNT-2317207,SBRNEVNAKYTEQV,CYP1A2_R22_OCNT-2310153,2,murcko_scaffold,O=C(NC1CCN(c2ccccn2)C1)c1ccncn1,O=C(NC1CCN(c2ccccn2)C1)c1ccncn1
OCNT-2310827,LJFXZOYYLNSQSQ,CYP2C9_R25_OCNT-2313981,2,murcko_scaffold,O=C(NC1CCOc2ccccc21)c1ccc(N2CCCC2)nn1,O=C(NC1CCOc2ccccc21)c1ccc(N2CCCC2)nn1
OCNT-2395679,RNTZGPVNVXBBDD,CYP3A4_R22_OCNT-2311117,2,murcko_scaffold,O=C(NC1CNC1)C1CCNCC1,O=C(NC1CNC1)C1CCNCC1
OCNT-2317504,DOAQIMHBTYEUKO,CYP3A4_R02_OCNT-2312554,2,murcko_scaffold,O=C(NCC1CCCc2ccccc21)N1CCCCC1,O=C(NCC1CCCc2ccccc21)N1CCCCC1
OCNT-2308613,GEIMNQZCPAZKBE,CYP1A2_R06_OCNT-2312418,2,murcko_scaffold,O=C(NCC1CCN(Cc2cccs2)CC1)c1cc(C2CC2)[nH]n1,O=C(NCC1CCN(Cc2cccs2)CC1)c1cc(C2CC2)[nH]n1
OCNT-2310351,KJHJATDGICCULE,CYP2C9_R10_OCNT-2311787,2,murcko_scaffold,O=C(NCC1CN(C2CC2)C(=O)O1)c1cc(-c2ccncc2)nc2ccccc12,O=C(NCC1CN(C2CC2)C(=O)O1)c1cc(-c2ccncc2)nc2ccccc12
OCNT-2395505,DWLVFWAJLJNQFW,CYP1A2_R13_OCNT-2311797,2,murcko_scaffold,O=C(NCCCc1ccccc1)Nc1ccccc1,O=C(NCCCc1ccccc1)Nc1ccccc1
OCNT-2317899,GQHAQPLODRDBSK,CYP3A4_R08_OCNT-2312145,2,murcko_scaffold,O=C(NCCNC(=O)N1CCCC1c1ccccc1)c1cccnc1,O=C(NCCNC(=O)N1CCCC1c1ccccc1)c1cccnc1
OCNT-2318616,RTVWVQOQWOQJJL,CYP3A4_R09_OCNT-2395674,2,murcko_scaffold,O=C(NCCS(=O)(=O)Nc1ccccc1)Nc1ccn(-c2ccccc2)n1,O=C(NCCS(=O)(=O)Nc1ccccc1)Nc1ccn(-c2ccccc2)n1
OCNT-2395275,NGUMOZNITYCJGF,CYP3A4_R09_OCNT-2395674,2,murcko_scaffold,O=C(NCCS(=O)(=O)Nc1ccccc1)Nc1ccn(-c2ccccc2)n1,O=C(NCCS(=O)(=O)Nc1ccccc1)Nc1ccn(-c2ccccc2)n1
OCNT-2395279,JWGGVPCDAXNDKK,CYP3A4_R09_OCNT-2395674,2,murcko_scaffold,O=C(NCCS(=O)(=O)Nc1ccccc1)Nc1ccn(-c2ccccc2)n1,O=C(NCCS(=O)(=O)Nc1ccccc1)Nc1ccn(-c2ccccc2)n1
OCNT-2395283,AVTCWHYPQDBLCG,CYP3A4_R09_OCNT-2395674,2,murcko_scaffold,O=C(NCCS(=O)(=O)Nc1ccccc1)Nc1ccn(-c2ccccc2)n1,O=C(NCCS(=O)(=O)Nc1ccccc1)Nc1ccn(-c2ccccc2)n1
OCNT-2395300,UUFANUQZEIXAIL,CYP3A4_R09_OCNT-2395674,2,murcko_scaffold,O=C(NCCS(=O)(=O)Nc1ccccc1)Nc1ccn(-c2ccccc2)n1,O=C(NCCS(=O)(=O)Nc1ccccc1)Nc1ccn(-c2ccccc2)n1
OCNT-2395648,IJEYSVPOSBTGJK,CYP3A4_R09_OCNT-2395674,2,murcko_scaffold,O=C(NCCS(=O)(=O)Nc1ccccc1)Nc1ccn(-c2ccccc2)n1,O=C(NCCS(=O)(=O)Nc1ccccc1)Nc1ccn(-c2ccccc2)n1
OCNT-2310141,QXRYBUZYONFBEB,CYP3A4_R08_OCNT-2312145,2,murcko_scaffold,O=C(NCCc1ccccc1)c1cn[nH]c1Cc1ccccc1,O=C(NCCc1ccccc1)c1cn[nH]c1Cc1ccccc1
OCNT-2311783,VTTXKWNUEYBJHG,CYP3A4_R16_OCNT-2310606,2,murcko_scaffold,O=C(NCCc1cnn(-c2ccccc2)n1)c1ccccc1,O=C(NCCc1cnn(-c2ccccc2)n1)c1ccccc1
OCNT-2308571,JBLWNFFRBGGQRJ,CYP1A2_R03_OCNT-2310368,2,murcko_scaffold,O=C(NCCc1nnc(-c2ccccc2)o1)c1ccccc1,O=C(NCCc1nnc(-c2ccccc2)o1)c1ccccc1
OCNT-2395282,OSWKQOGJYLYDJV,CYP2C9_R17_OCNT-2309935,2,murcko_scaffold,O=C(NCc1cc2n(n1)CCCC2)NC1CCCCC1,O=C(NCc1cc2n(n1)CCCC2)NC1CCCCC1
OCNT-2311638,DUDNRIVARGBEHO,CYP2C9_R17_OCNT-2309935,2,murcko_scaffold,O=C(NCc1cc2n(n1)CCCC2)c1cnnn1-c1ccccc1,O=C(NCc1cc2n(n1)CCCC2)c1cnnn1-c1ccccc1
OCNT-2312104,ZCWNGZGUCNIROI,CYP1A2_R16_OCNT-2312610,2,murcko_scaffold,O=C(NCc1ccc(-c2ccncc2)cc1)c1ccc2n1CCNC21CCC1,O=C(NCc1ccc(-c2ccncc2)cc1)c1ccc2n1CCNC21CCC1
OCNT-2308520,FVRLQWKIQOWWAO,CYP3A4_R02_OCNT-2312554,2,murcko_scaffold,O=C(NCc1ccc(-n2ccnc2)nc1)NC1COc2ccccc21,O=C(NCc1ccc(-n2ccnc2)nc1)NC1COc2ccccc21
OCNT-2313403,KIKPMPBGGCAAPM,CYP1A2_R16_OCNT-2312610,2,murcko_scaffold,O=C(NCc1ccc(C2CCCCC2)cc1)NCc1cnccn1,O=C(NCc1ccc(C2CCCCC2)cc1)NCc1cnccn1
OCNT-2316072,XFNVKANPQXPLNM,CYP1A2_R02_OCNT-2317954,2,murcko_scaffold,O=C(NCc1cccc(Cn2ccnc2)c1)c1ccc2oc(=O)[nH]c2c1,O=C(NCc1cccc(Cn2ccnc2)c1)c1ccc2oc(=O)[nH]c2c1
OCNT-2311993,OXSVLALMOLJRPR,CYP2C9_R13_OCNT-2315368,2,murcko_scaffold,O=C(NCc1ccccc1)N1CCC(c2nc3ccccc3[nH]2)CC1,O=C(NCc1ccccc1)N1CCC(c2nc3ccccc3[nH]2)CC1
OCNT-2310043,ZSKKBENNGKLPHJ,CYP3A4_R18_OCNT-2395704,2,murcko_scaffold,O=C(NCc1ccccc1)NC1CCCCCC1,O=C(NCc1ccccc1)NC1CCCCCC1
OCNT-2310867,WHGJFJLSFMSHAM,CYP1A2_R19_OCNT-2308635,2,murcko_scaffold,O=C(NCc1ccccc1)c1ccn[nH]1,O=C(NCc1ccccc1)c1ccn[nH]1
OCNT-0497512,SIOCWTZRIYXTEE,CYP3A4_R08_OCNT-2312145,2,murcko_scaffold,O=C(NCc1cccnc1)C12CC3CC(CC(C3)C1)C2,O=C(NCc1cccnc1)C12CC3CC(CC(C3)C1)C2
OCNT-2317109,FIEONCCMRCBAFY,CYP3A4_R02_OCNT-2312554,2,murcko_scaffold,O=C(NCc1ccnc(-n2ccnc2)c1)c1cccnc1,O=C(NCc1ccnc(-n2ccnc2)c1)c1cccnc1
OCNT-2310726,GOHPXULFFDBKGC,CYP2C9_R10_OCNT-2311787,2,murcko_scaffold,O=C(NCc1ccnc2ccccc12)c1ccccc1,O=C(NCc1ccnc2ccccc12)c1ccccc1
OCNT-2311556,CKDAYZQHZOJZGJ,CYP2C9_R22_OCNT-2310562,2,murcko_scaffold,O=C(NCc1ccncc1)N1CCCCC1,O=C(NCc1ccncc1)N1CCCCC1
OCNT-2313039,NPAFTASKBUHIIW,CYP1A2_R09_OCNT-2315130,2,murcko_scaffold,O=C(NCc1coc2ccccc12)c1cn[nH]c1,O=C(NCc1coc2ccccc12)c1cn[nH]c1
OCNT-2309598,XWCLCJYWVJRTHA,CYP1A2_R06_OCNT-2312418,2,murcko_scaffold,O=C(NCc1csc(-c2ccccc2)n1)NC1CCC1,O=C(NCc1csc(-c2ccccc2)n1)NC1CCC1
OCNT-2310365,WOTKHFGJCBUMBM,CYP3A4_R09_OCNT-2395674,2,murcko_scaffold,O=C(NCc1nnc(C2CC2)o1)Nc1ccn(-c2ccccc2)n1,O=C(NCc1nnc(C2CC2)o1)Nc1ccn(-c2ccccc2)n1
OCNT-0475198,NUPQOHBGNAUKPI,CYP1A2_R19_OCNT-2308635,2,murcko_scaffold,O=C(N[C@@H]1CCC[C@@H]1C(=O)NCc1ccccc1)c1cccnc1,O=C(N[C@@H]1CCC[C@@H]1C(=O)NCc1ccccc1)c1cccnc1
OCNT-2318638,LOVRDRMOMCXLJW,CYP2C9_R03_OCNT-2313300,2,murcko_scaffold,O=C(N[C@@H]1CNC[C@H]1c1cnc[nH]1)c1cc[nH]c1,O=C(N[C@@H]1CNC[C@H]1c1cnc[nH]1)c1cc[nH]c1
OCNT-2315191,ADXRQUBBOLTEOW,CYP2C9_R04_OCNT-2316040,2,murcko_scaffold,O=C(N[C@H]1CCC(Cn2ccnc2)C1)c1c[nH]c(-c2ccccc2)c1,O=C(N[C@H]1CCC(Cn2ccnc2)C1)c1c[nH]c(-c2ccccc2)c1
OCNT-2311724,BDFIQPRMLMCODG,CYP2C9_R04_OCNT-2316040,2,murcko_scaffold,O=C(N[C@H]1CCC(Cn2ccnc2)C1)c1cnc2ncccn12,O=C(N[C@H]1CCC(Cn2ccnc2)C1)c1cnc2ncccn12
OCNT-2316247,QFYYABUCQMXEAW,CYP2C9_R04_OCNT-2316040,2,murcko_scaffold,O=C(N[C@H]1CCC(Cn2ccnc2)C1)c1occc1C1CC1,O=C(N[C@H]1CCC(Cn2ccnc2)C1)c1occc1C1CC1
OCNT-2308508,VUWGJWBCZMKTRL,CYP1A2_R04_OCNT-2313567,2,murcko_scaffold,O=C(Nc1c[nH]nc1-c1ccccn1)c1cccc(-n2cccn2)c1,O=C(Nc1c[nH]nc1-c1ccccn1)c1cccc(-n2cccn2)c1
OCNT-2313792,UFRFFDWQHAVRIU,CYP2C9_R23_OCNT-2312797,2,murcko_scaffold,O=C(Nc1cc2n(n1)CCCC2)c1cncs1,O=C(Nc1cc2n(n1)CCCC2)c1cncs1
OCNT-2311215,PGDGGNROTWTVHN,CYP2C9_R19_OCNT-2308674,2,murcko_scaffold,O=C(Nc1ccc(-c2nc3ccccc3[nH]2)cc1)c1ccccc1,O=C(Nc1ccc(-c2nc3ccccc3[nH]2)cc1)c1ccccc1
OCNT-2316408,WEEGQGAXYCRQAE,CYP2C9_R19_OCNT-2308674,2,murcko_scaffold,O=C(Nc1ccc(-c2nc3ccccc3[nH]2)cc1)c1ccccc1,O=C(Nc1ccc(-c2nc3ccccc3[nH]2)cc1)c1ccccc1
OCNT-2313251,STKPDYXEWHQTCA,CYP3A4_R24_OCNT-2311092,2,murcko_scaffold,O=C(Nc1ccc(-n2cccn2)cc1)c1ccnn1-c1ccccc1,O=C(Nc1ccc(-n2cccn2)cc1)c1ccnn1-c1ccccc1
OCNT-2310028,UDOYRVCSKHMUCD,CYP1A2_R13_OCNT-2311797,2,murcko_scaffold,O=C(Nc1ccc(-n2ccnc2)cc1)c1ccccc1,O=C(Nc1ccc(-n2ccnc2)cc1)c1ccccc1
OCNT-2318673,UPCWUTJSUGEWMZ,CYP1A2_R11_OCNT-2313625,2,murcko_scaffold,O=C(Nc1ccc(Oc2ncncc2-c2ccccc2)cc1)c1ccccc1,O=C(Nc1ccc(Oc2ncncc2-c2ccccc2)cc1)c1ccccc1
OCNT-2315082,WCQPNTIVTWMJSZ,CYP2C9_R19_OCNT-2308674,2,murcko_scaffold,O=C(Nc1ccc2c(c1)CNCC2)c1cnc2ccccc2c1,O=C(Nc1ccc2c(c1)CNCC2)c1cnc2ccccc2c1
OCNT-2395419,IDRBFVDPCUUZRD,CYP3A4_R20_OCNT-2395303,2,murcko_scaffold,O=C(Nc1ccc2c(c1)OCO2)C1CCN(C(=O)c2ccc[nH]2)CC1,O=C(Nc1ccc2c(c1)OCO2)C1CCN(C(=O)c2ccc[nH]2)CC1
OCNT-2314567,KXMATESBGAVCSV,CYP1A2_R14_OCNT-2317761,2,murcko_scaffold,O=C(Nc1cccc(-c2ccn[nH]2)c1)c1ccccn1,O=C(Nc1cccc(-c2ccn[nH]2)c1)c1ccccn1
OCNT-2316976,XMGORMGYUQDAAL,CYP1A2_R14_OCNT-2317761,2,murcko_scaffold,O=C(Nc1cccc(-c2cn[nH]c2)c1)c1cccc2c1OCO2,O=C(Nc1cccc(-c2cn[nH]c2)c1)c1cccc2c1OCO2
OCNT-2315948,OXQOIQHDEIKJRI,CYP1A2_R05_OCNT-2310298,2,murcko_scaffold,O=C(Nc1cccc(-c2cn[nH]c2)c1)c1cnc(-c2cnoc2)s1,O=C(Nc1cccc(-c2cn[nH]c2)c1)c1cnc(-c2cnoc2)s1
OCNT-2311669,GQZZKRNBYZPRCE,CYP1A2_R02_OCNT-2317954,2,murcko_scaffold,O=C(Nc1cccc(Cn2ccnc2)c1)c1ccc(Cc2nnc[nH]2)cc1,O=C(Nc1cccc(Cn2ccnc2)c1)c1ccc(Cc2nnc[nH]2)cc1
OCNT-2313023,AYMXSLBJADKSFF,CYP1A2_R11_OCNT-2313625,2,murcko_scaffold,O=C(Nc1cccc(S(=O)(=O)Nc2ccccc2)c1)c1cccnc1,O=C(Nc1cccc(S(=O)(=O)Nc2ccccc2)c1)c1cccnc1
OCNT-2314809,KPCBJDYSXNGNDR,CYP1A2_R17_OCNT-2316906,2,murcko_scaffold,O=C(Nc1cccc2c1CCN2)c1ccn(-c2ccccc2)n1,O=C(Nc1cccc2c1CCN2)c1ccn(-c2ccccc2)n1
OCNT-2311574,IXIWLXFULLNPDO,CYP1A2_R19_OCNT-2308635,2,murcko_scaffold,O=C(Nc1ccccc1)C1CCCc2[nH]ncc21,O=C(Nc1ccccc1)C1CCCc2[nH]ncc21
OCNT-0495765,AFAFDMOIWWTYNC,CYP2C9_R10_OCNT-2311787,2,murcko_scaffold,O=C(Nc1ccccc1)c1cc(-c2ccccc2)nc2ccccc12,O=C(Nc1ccccc1)c1cc(-c2ccccc2)nc2ccccc12
OCNT-0493958,UEAMJCFZTDEOAL,CYP3A4_R05_OCNT-2314300,2,murcko_scaffold,O=C(Nc1ccccc1)c1ccc2ccccc2c1,O=C(Nc1ccccc1)c1ccc2ccccc2c1
OCNT-2315734,VYZSNRUMPKDNLT,CYP1A2_R05_OCNT-2310298,2,murcko_scaffold,O=C(Nc1ccccc1)c1scnc1-c1ccccc1,O=C(Nc1ccccc1)c1scnc1-c1ccccc1
OCNT-2310831,VNCFAVVBLJJAFO,CYP2C9_R15_OCNT-2318117,2,murcko_scaffold,O=C(Nc1ccccn1)C1CCN(c2ccncn2)CC1,O=C(Nc1ccccn1)C1CCN(c2ccncn2)CC1
OCNT-2318324,WKLFNRWGRUQSCD,CYP2C9_R15_OCNT-2318117,2,murcko_scaffold,O=C(Nc1ccn(-c2ccccc2)n1)N1CCCCC1,O=C(Nc1ccn(-c2ccccc2)n1)N1CCCCC1
OCNT-2315126,VJHDBUJUYUPJJI,CYP1A2_R11_OCNT-2313625,2,murcko_scaffold,O=C(Nc1ccn[nH]1)c1cccc2cccnc12,O=C(Nc1ccn[nH]1)c1cccc2cccnc12
OCNT-2315087,JCPHKQUSKIQDIE,CYP1A2_R23_OCNT-2317285,2,murcko_scaffold,O=C(Nc1ccncn1)N1CCC(Cc2ccccc2)C1,O=C(Nc1ccncn1)N1CCC(Cc2ccccc2)C1
OCNT-2318639,MNPGBPBPRIRZDE,CYP3A4_R12_OCNT-2311697,2,murcko_scaffold,O=C(Nc1ccncn1)N1CCCCCC1c1ccccc1,O=C(Nc1ccncn1)N1CCCCCC1c1ccccc1
OCNT-2310913,NADVEOZBBSLZOC,CYP1A2_R02_OCNT-2317954,2,murcko_scaffold,O=C(Nc1cn(Cc2ccccc2)nn1)c1ccc(Cn2ccnc2)cc1,O=C(Nc1cn(Cc2ccccc2)nn1)c1ccc(Cn2ccnc2)cc1
OCNT-2310979,ZNZJGCOJFHWZII,CYP3A4_R24_OCNT-2311092,2,murcko_scaffold,O=C(Nc1cnn(-c2ccccc2)c1)c1ccc(-n2cncn2)cc1,O=C(Nc1cnn(-c2ccccc2)c1)c1ccc(-n2cncn2)cc1
OCNT-2310834,MLYVEOMHGDYSSG,CYP2C9_R08_OCNT-2312606,2,murcko_scaffold,O=C(c1cc2ccccc2[nH]1)N1CCC(N2CCS(=O)(=O)CC2)CC1,O=C(c1cc2ccccc2[nH]1)N1CCC(N2CCS(=O)(=O)CC2)CC1
OCNT-2313522,NXAQFXFUPZLHKK,CYP2C9_R01_OCNT-2315972,2,murcko_scaffold,O=C(c1ccc2[nH]ccc2c1)N1CCC(c2c[nH]cn2)CC1,O=C(c1ccc2[nH]ccc2c1)N1CCC(c2c[nH]cn2)CC1
OCNT-2310904,SALPRQGNBKYGBL,CYP2C9_R08_OCNT-2312606,2,murcko_scaffold,O=C(c1ccc2c(c1)[nH]c(=O)n2C1CC1)N1CCS(=O)(=O)C2CCCC21,O=C(c1ccc2c(c1)[nH]c(=O)n2C1CC1)N1CCS(=O)(=O)C2CCCC21
OCNT-2314037,WDHJJQQNQJWHFH,CYP2C9_R07_OCNT-2314387,2,murcko_scaffold,O=C(c1ccccc1)N1CCC(Oc2ccccc2)CC1,O=C(c1ccccc1)N1CCC(Oc2ccccc2)CC1
OCNT-2315498,KYQVKLFQOSOPNM,CYP3A4_R05_OCNT-2314300,2,murcko_scaffold,O=C(c1ccccc1)N1CCN(C(=O)c2ccccc2)CC1,O=C(c1ccccc1)N1CCN(C(=O)c2ccccc2)CC1
OCNT-2308504,WNVJJXBDZXMAAQ,CYP2C9_R16_OCNT-2310262,2,murcko_scaffold,O=C(c1ccccc1)N1CCN(c2cc(N3CCCC3)ncn2)CC1,O=C(c1ccccc1)N1CCN(c2cc(N3CCCC3)ncn2)CC1
OCNT-2313225,QNBRVDKSFRVUDJ,CYP2C9_R16_OCNT-2310262,2,murcko_scaffold,O=C(c1ccccc1)N1CCN(c2ccncn2)CC1,O=C(c1ccccc1)N1CCN(c2ccncn2)CC1
OCNT-2328330,CPEUVMUXAHMANV,CYP2C9_R19_OCNT-2308674,2,murcko_scaffold,O=C(c1ccccc1)c1ccc2[nH]cnc2c1,O=C(c1ccccc1)c1ccc2[nH]cnc2c1
OCNT-2310579,ADAXQGHVJCOVAG,CYP2C9_R16_OCNT-2310262,2,murcko_scaffold,O=C(c1ccoc1)N1CCN(c2ccccn2)CC1,O=C(c1ccoc1)N1CCN(c2ccccn2)CC1
OCNT-2311240,QKXALNDLTVLRJT,CYP1A2_R14_OCNT-2317761,2,murcko_scaffold,O=C1CC(C(=O)Nc2cccc(-c3cn[nH]c3)c2)CN1,O=C1CC(C(=O)Nc2cccc(-c3cn[nH]c3)c2)CN1
OCNT-2395490,CRMFSWNFDRJFJV,CYP3A4_R04_OCNT-2395590,2,murcko_scaffold,O=C1CCC(c2ccccc2NS(=O)(=O)c2sccc2C2CC2)N1,O=C1CCC(c2ccccc2NS(=O)(=O)c2sccc2C2CC2)N1
OCNT-2395481,ANKYSPAPZXZRKL,CYP3A4_R10_OCNT-2313429,2,murcko_scaffold,O=C1CCCN1CCCNS(=O)(=O)c1ccccc1,O=C1CCCN1CCCNS(=O)(=O)c1ccccc1
OCNT-2395634,SJDBXHGBFBTMPJ,CYP3A4_R10_OCNT-2313429,2,murcko_scaffold,O=C1CCCN1CCCNS(=O)(=O)c1ccccc1,O=C1CCCN1CCCNS(=O)(=O)c1ccccc1
OCNT-2311180,NHWOTDZJNFARDD,CYP3A4_R10_OCNT-2313429,2,murcko_scaffold,O=C1CCCN1c1ccc(NS(=O)(=O)c2cccnc2)cc1,O=C1CCCN1c1ccc(NS(=O)(=O)c2cccnc2)cc1
OCNT-2314172,VEUVBVWSGSYXGX,CYP3A4_R10_OCNT-2313429,2,murcko_scaffold,O=C1CCCN1c1ccc(S(=O)(=O)N2CCCC2)cc1,O=C1CCCN1c1ccc(S(=O)(=O)N2CCCC2)cc1
OCNT-2311823,BXVZTCGLMPJMGU,CYP2C9_R04_OCNT-2316040,2,murcko_scaffold,O=C1NCc2cc(C(=O)N[C@H]3CCC(Cn4ccnc4)C3)ccc2N1,O=C1NCc2cc(C(=O)N[C@H]3CCC(Cn4ccnc4)C3)ccc2N1
OCNT-0495774,LGKQKELVYYSUHI,CYP3A4_R06_OCNT-2395727,2,murcko_scaffold,O=S(=O)(NCc1ccncc1)c1ccccc1,O=S(=O)(NCc1ccncc1)c1ccccc1
OCNT-2312433,WRDMUKPMUYKYCW,CYP3A4_R10_OCNT-2313429,2,murcko_scaffold,O=S(=O)(Nc1ccc(-c2ccccc2)cc1)c1ccccc1,O=S(=O)(Nc1ccc(-c2ccccc2)cc1)c1ccccc1
OCNT-2318048,YXWUJBCMCDTVMO,CYP3A4_R21_OCNT-2395511,2,murcko_scaffold,O=S(=O)(Nc1ccccc1)c1cnn(C2CCC2)c1,O=S(=O)(Nc1ccccc1)c1cnn(C2CCC2)c1
OCNT-2395308,WAHYSPDEZQDNBT,CYP3A4_R21_OCNT-2395511,2,murcko_scaffold,O=S(=O)(Nc1ccccc1)c1cnn(C2CCC2)c1,O=S(=O)(Nc1ccccc1)c1cnn(C2CCC2)c1
OCNT-2395504,JDULGAIJOJJFGG,CYP3A4_R21_OCNT-2395511,2,murcko_scaffold,O=S(=O)(Nc1ccccc1)c1cnn(C2CCC2)c1,O=S(=O)(Nc1ccccc1)c1cnn(C2CCC2)c1
OCNT-2395701,MGTAKCACXPHWCG,CYP3A4_R21_OCNT-2395511,2,murcko_scaffold,O=S(=O)(Nc1ccccc1)c1cnn(C2CCC2)c1,O=S(=O)(Nc1ccccc1)c1cnn(C2CCC2)c1
OCNT-2395594,OVAGPSZPAVXQQC,CYP3A4_R04_OCNT-2395590,2,murcko_scaffold,O=S(=O)(Nc1ccccc1)c1sccc1C1CC1,O=S(=O)(Nc1ccccc1)c1sccc1C1CC1
OCNT-2395606,OYBCLJJKAIHXRC,CYP3A4_R04_OCNT-2395590,2,murcko_scaffold,O=S(=O)(Nc1ccccc1)c1sccc1C1CC1,O=S(=O)(Nc1ccccc1)c1sccc1C1CC1
OCNT-2395327,PBZGCLVVCQILOX,CYP3A4_R17_OCNT-2316432,2,murcko_scaffold,O=S(=O)(Nc1ccccc1N1CCOCC1)c1ccccc1,O=S(=O)(Nc1ccccc1N1CCOCC1)c1ccccc1
OCNT-2395541,UKXDNQVGUXFCMX,CYP3A4_R17_OCNT-2316432,2,murcko_scaffold,O=S(=O)(Nc1ccccc1N1CCOCC1)c1ccccc1,O=S(=O)(Nc1ccccc1N1CCOCC1)c1ccccc1
OCNT-2395546,LHVZLEPXLOJWSU,CYP3A4_R17_OCNT-2316432,2,murcko_scaffold,O=S(=O)(Nc1ccccc1N1CCOCC1)c1ccccc1,O=S(=O)(Nc1ccccc1N1CCOCC1)c1ccccc1
OCNT-2395607,RFCVVICONKLKDS,CYP3A4_R17_OCNT-2316432,2,murcko_scaffold,O=S(=O)(Nc1ccccc1N1CCOCC1)c1ccccc1,O=S(=O)(Nc1ccccc1N1CCOCC1)c1ccccc1
OCNT-2395690,JLOUEWPKMPUJBL,CYP3A4_R17_OCNT-2316432,2,murcko_scaffold,O=S(=O)(Nc1ccccc1N1CCOCC1)c1ccccc1,O=S(=O)(Nc1ccccc1N1CCOCC1)c1ccccc1
OCNT-2395758,VGKTZOSSNOYRLG,CYP3A4_R17_OCNT-2316432,2,murcko_scaffold,O=S(=O)(Nc1ccccc1N1CCOCC1)c1ccccc1,O=S(=O)(Nc1ccccc1N1CCOCC1)c1ccccc1
OCNT-2395796,FUKVXEGKZLQFNL,CYP3A4_R17_OCNT-2316432,2,murcko_scaffold,O=S(=O)(Nc1ccccc1N1CCOCC1)c1ccccc1,O=S(=O)(Nc1ccccc1N1CCOCC1)c1ccccc1
OCNT-2395691,KNRNLLFRPUTOJS,CYP3A4_R21_OCNT-2395511,2,murcko_scaffold,O=S(=O)(Nc1cnccn1)c1cnn(C2CCCC2)c1,O=S(=O)(Nc1cnccn1)c1cnn(C2CCCC2)c1
OCNT-0493949,NVDBBGBUTKLRSN,CYP2C9_R08_OCNT-2312606,2,murcko_scaffold,O=c1[nH]c2ccccc2n1C1CCN(CCOc2ccccc2)CC1,O=c1[nH]c2ccccc2n1C1CCN(CCOc2ccccc2)CC1
OCNT-2313024,ZTZAJUSBKHCWHO,CYP1A2_R01_OCNT-2316568,2,murcko_scaffold,c1cc(Cn2ccnc2)cc(-c2noc(-c3cn(-c4cccc5cccnc45)nn3)n2)c1,c1cc(Cn2ccnc2)cc(-c2noc(-c3cn(-c4cccc5cccnc45)nn3)n2)c1
OCNT-2311532,WNVZWNWYYUTQII,CYP1A2_R01_OCNT-2316568,2,murcko_scaffold,c1ccc(-c2cccc(Cn3ccnc3)c2)cc1,c1ccc(-c2cccc(Cn3ccnc3)c2)cc1
OCNT-2395390,UXTJYBXFNHLFDQ,CYP1A2_R12_OCNT-2318111,2,murcko_scaffold,c1ccc(-c2cn(Cc3noc(C4CCCCC4)n3)nn2)cc1,c1ccc(-c2cn(Cc3noc(C4CCCCC4)n3)nn2)cc1
OCNT-0458076,CEQWVPVLJFJUBO,CYP2C9_R10_OCNT-2311787,2,murcko_scaffold,c1ccc(-n2cc(-c3ccc4ccccc4n3)cn2)cc1,c1ccc(-n2cc(-c3ccc4ccccc4n3)cn2)cc1
OCNT-2395530,KXEYOSCNJBANRN,CYP3A4_R09_OCNT-2395674,2,murcko_scaffold,c1ccc(-n2cccn2)cc1,c1ccc(-n2cccn2)cc1
OCNT-2312890,QIHKGMKUENLTSR,CYP2C9_R06_OCNT-2310890,2,murcko_scaffold,c1ccc(-n2ccnc2)nc1,c1ccc(-n2ccnc2)nc1
OCNT-2314927,OJISFMIUEGMAME,CYP2C9_R02_OCNT-2312302,2,murcko_scaffold,c1ccc(-n2cnc3ccccc32)cc1,c1ccc(-n2cnc3ccccc32)cc1
OCNT-2310442,VTMZRYUXSIFDIG,CYP1A2_R19_OCNT-2308635,2,murcko_scaffold,c1ccc(C(CNC2CCc3cn[nH]c3C2)N2CCCCC2)cc1,c1ccc(C(CNC2CCc3cn[nH]c3C2)N2CCCCC2)cc1
OCNT-2314395,NLONLIALNPPOCL,CYP1A2_R18_OCNT-2315212,2,murcko_scaffold,c1ccc(CC2CN(c3nc4cnccc4[nH]3)CCO2)cc1,c1ccc(CC2CN(c3nc4cnccc4[nH]3)CCO2)cc1
OCNT-0022315,HRRBJVNMSRJFHQ,CYP1A2_R20_OCNT-0018684,2,murcko_scaffold,c1ccc(N2CCN(CCCOc3cccc4ccccc34)CC2)cc1,c1ccc(N2CCN(CCCOc3cccc4ccccc34)CC2)cc1
OCNT-2309179,BWWQNTFNKYNBID,CYP3A4_R01_OCNT-2310988,2,murcko_scaffold,c1ccc(NCc2ccc(-n3ccnc3)cc2)nc1,c1ccc(NCc2ccc(-n3ccnc3)cc2)nc1
OCNT-0479263,RUMIJLFNXPYRCD,CYP1A2_R25_OCNT-0478585,2,murcko_scaffold,c1ccc(Oc2ccc(Nc3c4c(nc5ccccc35)CCCC4)cc2)cc1,c1ccc(Oc2ccc(Nc3c4c(nc5ccccc35)CCCC4)cc2)cc1
OCNT-2328784,CVXBEEMKQHEXEN,CYP1A2_R20_OCNT-0018684,2,murcko_scaffold,c1ccc2ccccc2c1,c1ccc2ccccc2c1
OCNT-0497946,IZJRISIINLJVBU,CYP1A2_R21_OCNT-2328316,2,murcko_scaffold,c1ccncc1,c1ccncc1
OCNT-0461353,UTRDNOPSLXRYRQ,CYP2C9_R13_OCNT-2315368,3,murcko_scaffold,O=C(C1CC(=O)N(c2n[nH]c3ccccc23)C1)N1CCC(c2nc3ccccc3[nH]2)CC1,O=C(C1CC(=O)N(c2n[nH]c3ccccc23)C1)N1CCC(c2nc3ccccc3[nH]2)CC1
OCNT-2316117,IOHJWSPUOJUMQL,CYP2C9_R12_OCNT-2315584,3,murcko_scaffold,O=C(CCc1ccc(=O)[nH]c1)N1CCC(c2ccncc2)CC1,O=C(CCc1ccc(=O)[nH]c1)N1CCC(c2ccncc2)CC1
OCNT-2309377,BDHDGFPUBOQSQB,CYP2C9_R07_OCNT-2314387,3,murcko_scaffold,O=C(CCc1ccccc1)N1CCC(Cc2cccnc2)CC1,O=C(CCc1ccccc1)N1CCC(Cc2cccnc2)CC1
OCNT-0463322,BQTWJGKSFZWXJM,CYP2C9_R01_OCNT-2315972,3,murcko_scaffold,O=C(CCc1ccccc1)N1CCC(c2nc(-c3ccccc3)no2)CC1,O=C(CCc1ccccc1)N1CCC(c2nc(-c3ccccc3)no2)CC1
OCNT-0461497,PDUWQCKKOQHABM,CYP3A4_R23_OCNT-2395731,3,murcko_scaffold,O=C(CCn1c(SCC(=O)Nc2ccccc2)nc2ccccc2c1=O)NCCc1ccccc1,O=C(CCn1c(SCC(=O)Nc2ccccc2)nc2ccccc2c1=O)NCCc1ccccc1
OCNT-2395503,FXQKJJSIQNYRBJ,CYP3A4_R07_OCNT-2395424,3,murcko_scaffold,O=C(CCn1cncn1)N1CCCc2ccccc21,O=C(CCn1cncn1)N1CCCc2ccccc21
OCNT-2317668,LNBBIANUWQLMSS,CYP2C9_R05_OCNT-2317181,3,murcko_scaffold,O=C(CN1CCC(c2cccnc2)CC1)Nc1ccccc1,O=C(CN1CCC(c2cccnc2)CC1)Nc1ccccc1
OCNT-2314483,NWNMCXZQYBPRPZ,CYP2C9_R05_OCNT-2317181,3,murcko_scaffold,O=C(CN1CCN(c2cncc3ccccc23)CC1)Nc1ccccc1,O=C(CN1CCN(c2cncc3ccccc23)CC1)Nc1ccccc1
OCNT-2310252,HTHQNIFHKWWWJY,CYP3A4_R24_OCNT-2311092,3,murcko_scaffold,O=C(CNC(=O)c1cn(-c2ccccc2)nc1-c1cccnc1)Nc1ccccc1,O=C(CNC(=O)c1cn(-c2ccccc2)nc1-c1cccnc1)Nc1ccccc1
OCNT-0497465,RCCVKJHSAFZVCK,CYP1A2_R13_OCNT-2311797,3,murcko_scaffold,O=C(CNc1ccccc1)NN=Cc1ccncc1,O=C(CNc1ccccc1)NN=Cc1ccncc1
OCNT-2315974,MSPLSQKCPNGXFQ,CYP2C9_R14_OCNT-2310760,3,murcko_scaffold,O=C(COc1ccccc1)NC1CCN(C(=O)c2ccncc2)CC1,O=C(COc1ccccc1)NC1CCN(C(=O)c2ccncc2)CC1
OCNT-2312868,BBIFCTYZNHAYIA,CYP1A2_R22_OCNT-2310153,3,murcko_scaffold,O=C(COc1ccccc1)NC1CCN(c2ccccc2)C1,O=C(COc1ccccc1)NC1CCN(c2ccccc2)C1
OCNT-2316908,VZECTGAGCXACIK,CYP3A4_R07_OCNT-2395424,3,murcko_scaffold,O=C(COc1cccnc1)N1CCc2ccccc21,O=C(COc1cccnc1)N1CCc2ccccc21
OCNT-0479302,FDCBXECUDVXAHL,CYP2C9_R19_OCNT-2308674,3,murcko_scaffold,O=C(CSc1nc(-c2ccccc2)[nH]c1-c1ccccc1)Nc1ccc2c(c1)OCO2,O=C(CSc1nc(-c2ccccc2)[nH]c1-c1ccccc1)Nc1ccc2c(c1)OCO2
OCNT-2314046,FTEPPECMOPAJHL,CYP2C9_R11_OCNT-2309809,3,murcko_scaffold,O=C(Cc1c[nH]c2ccccc12)Nc1ccccc1,O=C(Cc1c[nH]c2ccccc12)Nc1ccccc1
OCNT-0463200,WIJOIUIIKSCRAN,CYP2C9_R01_OCNT-2315972,3,murcko_scaffold,O=C(Cc1ccccc1)N1CCC(c2nc(-c3ccccc3)no2)CC1,O=C(Cc1ccccc1)N1CCC(c2nc(-c3ccccc3)no2)CC1
OCNT-2312237,IUZOTEMRJLJHNN,CYP3A4_R03_OCNT-2395274,3,murcko_scaffold,O=C(Cc1nc2ncccn2n1)N1CCN(C2CC2)c2ccccc21,O=C(Cc1nc2ncccn2n1)N1CCN(C2CC2)c2ccccc21
OCNT-2308641,PTLQVNHZLMHXGQ,CYP2C9_R06_OCNT-2310890,3,murcko_scaffold,O=C(Cn1c(=O)[nH]c2ccccc21)NCc1ccc(-n2ccnc2)nc1,O=C(Cn1c(=O)[nH]c2ccccc21)NCc1ccc(-n2ccnc2)nc1
OCNT-2318209,PITWNXFLDVKEPP,CYP1A2_R08_OCNT-2314402,3,murcko_scaffold,O=C(Cn1ccc(NC(=O)C2(c3ccccc3)CCCCC2)n1)N1CCOCC1,O=C(Cn1ccc(NC(=O)C2(c3ccccc3)CCCCC2)n1)N1CCOCC1
OCNT-2310005,HPEDZJJEGPOZNI,CYP3A4_R12_OCNT-2311697,3,murcko_scaffold,O=C(Cn1cccn1)N1CCC(Cc2ccccc2)CC1,O=C(Cn1cccn1)N1CCC(Cc2ccccc2)CC1
OCNT-2395420,ICIVPGDLVGXUGV,CYP3A4_R13_OCNT-2395372,3,murcko_scaffold,O=C(NC1CC1)[C@@H]1Cc2ccccc2CN1,O=C(NC1CC1)[C@@H]1Cc2ccccc2CN1
OCNT-2395292,VFJFLAJSQCREME,CYP3A4_R13_OCNT-2395372,3,murcko_scaffold,O=C(NC1CC1)[C@@H]1Cc2ccccc2CN1Cc1cnc[nH]1,O=C(NC1CC1)[C@@H]1Cc2ccccc2CN1Cc1cnc[nH]1
OCNT-2395564,VVODWWXDCIEJAJ,CYP3A4_R13_OCNT-2395372,3,murcko_scaffold,O=C(NC1CC1)[C@@H]1Cc2ccccc2CN1Cc1n[nH]c2ccccc12,O=C(NC1CC1)[C@@H]1Cc2ccccc2CN1Cc1n[nH]c2ccccc12
OCNT-2310251,XSCFQDHSPXTQFT,CYP3A4_R14_OCNT-2309351,3,murcko_scaffold,O=C(NC1CCCOCC1)c1c[nH]cc1-c1cn[nH]c1,O=C(NC1CCCOCC1)c1c[nH]cc1-c1cn[nH]c1
OCNT-2316464,RVMONIUXPWNMOU,CYP2C9_R13_OCNT-2315368,3,murcko_scaffold,O=C(NC1CCCc2[nH]ncc21)c1cccc2cccnc12,O=C(NC1CCCc2[nH]ncc21)c1cccc2cccnc12
OCNT-2312558,JMUPJYABPJKPMN,CYP1A2_R22_OCNT-2310153,3,murcko_scaffold,O=C(NC1CCN(C(=O)c2ccccc2)C1)c1ccn[nH]1,O=C(NC1CCN(C(=O)c2ccccc2)C1)c1ccn[nH]1
OCNT-1893991,JXZZEXZZKAWDSP,CYP2C9_R11_OCNT-2309809,3,murcko_scaffold,O=C(NC1CCN(CCc2c[nH]c3ccccc23)CC1)c1ccccc1,O=C(NC1CCN(CCc2c[nH]c3ccccc23)CC1)c1ccccc1
OCNT-2312755,RGOYPSLBXQDYGL,CYP1A2_R22_OCNT-2310153,3,murcko_scaffold,O=C(NC1CCN(c2ccccc2)C1)c1cnoc1,O=C(NC1CCN(c2ccccc2)C1)c1cnoc1
OCNT-2312581,DXIJNEODHVKRKU,CYP1A2_R19_OCNT-2308635,3,murcko_scaffold,O=C(NC1CCc2[nH]ncc2C1)c1cnn(Cc2ccccc2)c1,O=C(NC1CCc2[nH]ncc2C1)c1cnn(Cc2ccccc2)c1
OCNT-2317446,LUSTVCBFDWUOOY,CYP2C9_R13_OCNT-2315368,3,murcko_scaffold,O=C(NC1CCc2ccccc21)N1CCCC(c2ncc[nH]2)C1,O=C(NC1CCc2ccccc21)N1CCCC(c2ncc[nH]2)C1
OCNT-2310707,RZGDXDYNQPUJNA,CYP3A4_R14_OCNT-2309351,3,murcko_scaffold,O=C(NCC1(N2CCOCC2)CC1)NC1CCCNC1=O,O=C(NCC1(N2CCOCC2)CC1)NC1CCCNC1=O
OCNT-2314759,YWMOZLLJWDAVMV,CYP3A4_R14_OCNT-2309351,3,murcko_scaffold,O=C(NCC1(c2ccccc2)CCC1)NCC1(N2CCOCC2)CC1,O=C(NCC1(c2ccccc2)CCC1)NCC1(N2CCOCC2)CC1
OCNT-2309905,LVJWCKKQYYBYRC,CYP1A2_R07_OCNT-2313198,3,murcko_scaffold,O=C(NCC1CCC2(CCC2)O1)c1cn[nH]c1Cc1ccccc1,O=C(NCC1CCC2(CCC2)O1)c1cn[nH]c1Cc1ccccc1
OCNT-2313708,NDFPYBQHVQZPMN,CYP1A2_R07_OCNT-2313198,3,murcko_scaffold,O=C(NCC1CCC2(CCOCC2)O1)c1cc[nH]c(=O)c1,O=C(NCC1CCC2(CCOCC2)O1)c1cc[nH]c(=O)c1
OCNT-2317650,VCLINRZEUQBSMV,CYP1A2_R07_OCNT-2313198,3,murcko_scaffold,O=C(NCC1CCCN(Cc2cccs2)C1)NCC1CCC2(CCCC2)O1,O=C(NCC1CCCN(Cc2cccs2)C1)NCC1CCC2(CCCC2)O1
OCNT-2314426,VCMKSSBMBMRMSH,CYP2C9_R18_OCNT-2315528,3,murcko_scaffold,O=C(NCC1CCN(c2ccccc2)C1)c1cccc(C2COC2)c1,O=C(NCC1CCN(c2ccccc2)C1)c1cccc(C2COC2)c1
OCNT-2315217,QJMQWXOGIDMYJR,CYP2C9_R18_OCNT-2315528,3,murcko_scaffold,O=C(NCC1CCN(c2ccccc2)C1)c1cccn2c(=O)[nH]nc12,O=C(NCC1CCN(c2ccccc2)C1)c1cccn2c(=O)[nH]nc12
OCNT-2312209,ZVTQUKGFXAZXSS,CYP2C9_R18_OCNT-2315528,3,murcko_scaffold,O=C(NCC1CCN(c2ccccc2)C1)c1ccsc1,O=C(NCC1CCN(c2ccccc2)C1)c1ccsc1
OCNT-2313808,MKQBWARPRLEMRM,CYP1A2_R07_OCNT-2313198,3,murcko_scaffold,O=C(NCC1CCN1C1CCOCC1)c1csc(-c2ccoc2)n1,O=C(NCC1CCN1C1CCOCC1)c1csc(-c2ccoc2)n1
OCNT-2309155,SGGJYYXZDHNTMK,CYP2C9_R21_OCNT-2317914,3,murcko_scaffold,O=C(NCC1COc2ccccc2O1)c1cc(N2CCOCC2)ccn1,O=C(NCC1COc2ccccc2O1)c1cc(N2CCOCC2)ccn1
OCNT-2315252,WXHNIZSHBMNFPP,CYP3A4_R08_OCNT-2312145,3,murcko_scaffold,O=C(NCCOc1ccccc1)Nc1cccc(-c2cccnc2)c1,O=C(NCCOc1ccccc1)Nc1cccc(-c2cccnc2)c1
OCNT-2309843,GMKVOEZHEWMTNN,CYP2C9_R02_OCNT-2312302,3,murcko_scaffold,O=C(NCCc1ccccc1)NCc1ccc(-n2cnc3ccccc32)cc1,O=C(NCCc1ccccc1)NCc1ccc(-n2cnc3ccccc32)cc1
OCNT-2310612,JMYVKSYNRSDSAR,CYP3A4_R16_OCNT-2310606,3,murcko_scaffold,O=C(NCCc1ccn(-c2ccccc2)n1)c1cn[nH]c1,O=C(NCCc1ccn(-c2ccccc2)n1)c1cn[nH]c1
OCNT-0462966,DFWIPWJPABZTDS,CYP1A2_R06_OCNT-2312418,3,murcko_scaffold,O=C(NCCc1csc(-c2ccccc2)n1)C1CCCN1C(=O)c1ccccc1,O=C(NCCc1csc(-c2ccccc2)n1)C1CCCN1C(=O)c1ccccc1
OCNT-2309950,UWGSRPLGVVOCMK,CYP1A2_R03_OCNT-2310368,3,murcko_scaffold,O=C(NCCc1nc(-c2ccccc2)n[nH]1)c1ccccc1,O=C(NCCc1nc(-c2ccccc2)n[nH]1)c1ccccc1
OCNT-2310378,BJEJLVYFCONOIU,CYP2C9_R06_OCNT-2310890,3,murcko_scaffold,O=C(NCCc1nc2c(s1)CCCC2)NCc1ccc(-n2ccnc2)nc1,O=C(NCCc1nc2c(s1)CCCC2)NCc1ccc(-n2ccnc2)nc1
OCNT-2310680,AXXIEJDVBYZXLK,CYP1A2_R16_OCNT-2312610,3,murcko_scaffold,O=C(NCc1ccc(-c2ccncc2)cc1)N1CCOC(C2CC2)C1,O=C(NCc1ccc(-c2ccncc2)cc1)N1CCOC(C2CC2)C1
OCNT-2310864,HPRJCYLZBJNKRA,CYP3A4_R01_OCNT-2310988,3,murcko_scaffold,O=C(NCc1ccc(-n2ccnc2)cc1)N1CCCC1,O=C(NCc1ccc(-n2ccnc2)cc1)N1CCCC1
OCNT-2309139,XEASEVMEKOGXHQ,CYP2C9_R06_OCNT-2310890,3,murcko_scaffold,O=C(NCc1ccc(-n2ccnc2)nc1)c1c[nH]c2ccccc12,O=C(NCc1ccc(-n2ccnc2)nc1)c1c[nH]c2ccccc12
OCNT-2310447,XVCFYPXRSADGLR,CYP2C9_R06_OCNT-2310890,3,murcko_scaffold,O=C(NCc1ccc(-n2ccnc2)nc1)c1ccco1,O=C(NCc1ccc(-n2ccnc2)nc1)c1ccco1
OCNT-2310417,BKZFFKDNDJNAOH,CYP2C9_R06_OCNT-2310890,3,murcko_scaffold,O=C(NCc1ccc(-n2ccnc2)nc1)c1ccnc2[nH]ncc12,O=C(NCc1ccc(-n2ccnc2)nc1)c1ccnc2[nH]ncc12
OCNT-2317901,JNKGLLRFVIVVLH,CYP2C9_R22_OCNT-2310562,3,murcko_scaffold,O=C(NCc1ccc2occc2c1)NC1CCCc2cn(C3CCCC3)nc21,O=C(NCc1ccc2occc2c1)NC1CCCc2cn(C3CCCC3)nc21
OCNT-2317059,NMVBTWDJOZAZKW,CYP1A2_R09_OCNT-2315130,3,murcko_scaffold,O=C(NCc1cccc(N2CCOCC2)n1)c1ccc2c(c1)CCCC2,O=C(NCc1cccc(N2CCOCC2)n1)c1ccc2c(c1)CCCC2
OCNT-2311627,BZSQFVKPLZFAMM,CYP2C9_R02_OCNT-2312302,3,murcko_scaffold,O=C(NCc1cccc(NC(=O)c2ccccc2)c1)c1ccc2ncoc2c1,O=C(NCc1cccc(NC(=O)c2ccccc2)c1)c1ccc2ncoc2c1
OCNT-2315960,IEXQMLIWZWKXBA,CYP3A4_R11_OCNT-2309844,3,murcko_scaffold,O=C(NCc1ccccc1)N1CCCC(n2ccnc2)C1,O=C(NCc1ccccc1)N1CCCC(n2ccnc2)C1
OCNT-0482560,UZKLXWCYRQKDIN,CYP1A2_R19_OCNT-2308635,3,murcko_scaffold,O=C(NCc1ccccc1)c1ccc2c(c1)nc1n2CCCC1,O=C(NCc1ccccc1)c1ccc2c(c1)nc1n2CCCC1
OCNT-0482578,UUGSDVFMLFYQJR,CYP1A2_R19_OCNT-2308635,3,murcko_scaffold,O=C(NCc1ccccc1)c1ccc2c(c1)nc1n2CCCC1,O=C(NCc1ccccc1)c1ccc2c(c1)nc1n2CCCC1
OCNT-2395721,BAMCAUBMJPYDDW,CYP3A4_R06_OCNT-2395727,3,murcko_scaffold,O=C(NCc1cccnc1)c1cccc(S(=O)(=O)N2CCCC2)c1,O=C(NCc1cccnc1)c1cccc(S(=O)(=O)N2CCCC2)c1
OCNT-2395469,BLLDJUUCAMPQMW,CYP3A4_R06_OCNT-2395727,3,murcko_scaffold,O=C(NCc1cccnc1)c1cccc(S(=O)(=O)NC2CC2)c1,O=C(NCc1cccnc1)c1cccc(S(=O)(=O)NC2CC2)c1
OCNT-2395781,JNMBUNCAVAQQQX,CYP3A4_R06_OCNT-2395727,3,murcko_scaffold,O=C(NCc1cccnc1)c1cccnc1,O=C(NCc1cccnc1)c1cccnc1
OCNT-2314536,JUZQLSXEWXJSQX,CYP1A2_R09_OCNT-2315130,3,murcko_scaffold,O=C(NCc1cccnc1)c1csc(-c2ccccc2)n1,O=C(NCc1cccnc1)c1csc(-c2ccccc2)n1
OCNT-0494151,MWKFPUUBWYOUJG,CYP1A2_R25_OCNT-0478585,3,murcko_scaffold,O=C(NCc1ccco1)c1c2c(nc3ccccc13)CCC2,O=C(NCc1ccco1)c1c2c(nc3ccccc13)CCC2
OCNT-0494150,GYWQBPYNAGLBSC,CYP1A2_R16_OCNT-2312610,3,murcko_scaffold,O=C(NCc1ccncc1)C12CC3CC(CC(C3)C1)C2,O=C(NCc1ccncc1)C12CC3CC(CC(C3)C1)C2
OCNT-2309001,CWMXYKKRUKUVCU,CYP2C9_R22_OCNT-2310562,3,murcko_scaffold,O=C(NCc1ccsc1)C1CCN(C(=O)c2ccccc2)CC1,O=C(NCc1ccsc1)C1CCN(C(=O)c2ccccc2)CC1
OCNT-2315139,NSGCRWKYWZTZPF,CYP2C9_R10_OCNT-2311787,3,murcko_scaffold,O=C(NCc1cnn(-c2ccccc2)c1)c1ccc[nH]c1=O,O=C(NCc1cnn(-c2ccccc2)c1)c1ccc[nH]c1=O
OCNT-2312825,ZNXZZLAYPIECGS,CYP1A2_R06_OCNT-2312418,3,murcko_scaffold,O=C(NCc1csc2ccccc12)c1cc(C2CC2)[nH]n1,O=C(NCc1csc2ccccc12)c1cc(C2CC2)[nH]n1
OCNT-2310522,SHFKEHYHFQIENX,CYP2C9_R20_OCNT-2312486,3,murcko_scaffold,O=C(N[C@H]1CCCN(C(=O)c2ccccc2)C1)c1cn[nH]c1,O=C(N[C@H]1CCCN(C(=O)c2ccccc2)C1)c1cn[nH]c1
OCNT-2309599,PZBMCIRQTJSXEM,CYP1A2_R17_OCNT-2316906,3,murcko_scaffold,O=C(Nc1[nH]ncc1-c1ccc2c(c1)OCCO2)c1ccn(-c2ccccc2)n1,O=C(Nc1[nH]ncc1-c1ccc2c(c1)OCCO2)c1ccn(-c2ccccc2)n1
OCNT-2315906,FJQDILFBCXCGIP,CYP1A2_R04_OCNT-2313567,3,murcko_scaffold,O=C(Nc1c[nH]nc1-c1nccs1)c1ccccc1,O=C(Nc1c[nH]nc1-c1nccs1)c1ccccc1
OCNT-2313267,JGIPHLUSPCSBAK,CYP2C9_R15_OCNT-2318117,3,murcko_scaffold,O=C(Nc1cc[nH]n1)C1CCCNC1,O=C(Nc1cc[nH]n1)C1CCCNC1
OCNT-2316486,DNDOJKITKZLECV,CYP1A2_R04_OCNT-2313567,3,murcko_scaffold,O=C(Nc1ccc(CN2CCOC2=O)cc1)c1c[nH]nc1-c1ccccn1,O=C(Nc1ccc(CN2CCOC2=O)cc1)c1c[nH]nc1-c1ccccn1
OCNT-2316229,FHAJACFOFHBTNN,CYP2C9_R03_OCNT-2313300,3,murcko_scaffold,O=C(Nc1ccc(Cn2cccn2)cc1)c1c[nH]nc1-c1cccnc1,O=C(Nc1ccc(Cn2cccn2)cc1)c1c[nH]nc1-c1cccnc1
OCNT-2311801,ZGKKTJUHLOHJDN,CYP2C9_R03_OCNT-2313300,3,murcko_scaffold,O=C(Nc1ccc(OCCn2ccnc2)cc1)c1ccc2ccccc2c1,O=C(Nc1ccc(OCCn2ccnc2)cc1)c1ccc2ccccc2c1
OCNT-2309663,BBRIXFTZIRVEEF,CYP1A2_R14_OCNT-2317761,3,murcko_scaffold,O=C(Nc1ccc2[nH]ncc2c1)c1ccccc1Sc1ccccc1,O=C(Nc1ccc2[nH]ncc2c1)c1ccccc1Sc1ccccc1
OCNT-2311662,NNQWXKPJDCMYDO,CYP3A4_R20_OCNT-2395303,3,murcko_scaffold,O=C(Nc1ccc2c(c1)OCO2)C1CCN(C(=O)Cc2cccc3ccccc23)CC1,O=C(Nc1ccc2c(c1)OCO2)C1CCN(C(=O)Cc2cccc3ccccc23)CC1
OCNT-2395517,SHWLLIJABCWDCS,CYP3A4_R20_OCNT-2395303,3,murcko_scaffold,O=C(Nc1ccc2c(c1)OCO2)C1CCN(C(=O)N2CCC2)CC1,O=C(Nc1ccc2c(c1)OCO2)C1CCN(C(=O)N2CCC2)CC1
OCNT-2395321,RJECDYXFFUGFPD,CYP3A4_R20_OCNT-2395303,3,murcko_scaffold,O=C(Nc1ccc2c(c1)OCO2)C1CCNCC1,O=C(Nc1ccc2c(c1)OCO2)C1CCNCC1
OCNT-2395409,ZBWYNVDXWISWEV,CYP3A4_R20_OCNT-2395303,3,murcko_scaffold,O=C(Nc1ccc2c(c1)OCO2)C1CCNCC1,O=C(Nc1ccc2c(c1)OCO2)C1CCNCC1
OCNT-2395459,SCJSDZLVHPJNSV,CYP3A4_R20_OCNT-2395303,3,murcko_scaffold,O=C(Nc1ccc2c(c1)OCO2)C1CCNCC1,O=C(Nc1ccc2c(c1)OCO2)C1CCNCC1
OCNT-2395592,VHRRHVUNMHCJBW,CYP3A4_R20_OCNT-2395303,3,murcko_scaffold,O=C(Nc1ccc2c(c1)OCO2)C1CCNCC1,O=C(Nc1ccc2c(c1)OCO2)C1CCNCC1
OCNT-2395672,QOWDANZXWYEGPT,CYP3A4_R20_OCNT-2395303,3,murcko_scaffold,O=C(Nc1ccc2c(c1)OCO2)C1CCNCC1,O=C(Nc1ccc2c(c1)OCO2)C1CCNCC1
OCNT-2312587,SCJLEZUXOSXFQF,CYP2C9_R19_OCNT-2308674,3,murcko_scaffold,O=C(Nc1ccc2cc[nH]c(=O)c2c1)c1ccc2[nH]c(-c3ccccc3)nc2c1,O=C(Nc1ccc2cc[nH]c(=O)c2c1)c1ccc2[nH]c(-c3ccccc3)nc2c1
OCNT-2315277,HJSAULCESFXRQL,CYP2C9_R19_OCNT-2308674,3,murcko_scaffold,O=C(Nc1cccc(-c2nc3ccccc3[nH]2)c1)c1ccc(-c2nc[nH]n2)cc1,O=C(Nc1cccc(-c2nc3ccccc3[nH]2)c1)c1ccc(-c2nc[nH]n2)cc1
OCNT-2310465,OKIZSZJYXQZGPI,CYP1A2_R14_OCNT-2317761,3,murcko_scaffold,O=C(Nc1cccc(-c2nnc[nH]2)c1)c1cccnc1,O=C(Nc1cccc(-c2nnc[nH]2)c1)c1cccnc1
OCNT-2315633,YLBHRYSMLHYOBI,CYP1A2_R01_OCNT-2316568,3,murcko_scaffold,O=C(Nc1cccc(-c2noc(C3CC3)n2)c1)C(=O)N1CCCC1,O=C(Nc1cccc(-c2noc(C3CC3)n2)c1)C(=O)N1CCCC1
OCNT-2311159,FDSRNEIFNNTKBW,CYP2C9_R23_OCNT-2312797,3,murcko_scaffold,O=C(Nc1ccccc1)C1CCCN(c2ncnc3sccc23)C1,O=C(Nc1ccccc1)C1CCCN(c2ncnc3sccc23)C1
OCNT-0498195,WZYOSMAXXLCTGP,CYP1A2_R11_OCNT-2313625,3,murcko_scaffold,O=C(Nc1ccccc1)Nc1ccncc1,O=C(Nc1ccccc1)Nc1ccncc1
OCNT-2315332,CTEHMITXXKEHTJ,CYP1A2_R14_OCNT-2317761,3,murcko_scaffold,O=C(Nc1ccccc1)c1cc(-c2cccnc2)n[nH]1,O=C(Nc1ccccc1)c1cc(-c2cccnc2)n[nH]1
OCNT-2311971,GLFWAGLXPAJCLJ,CYP1A2_R10_OCNT-2308998,3,murcko_scaffold,O=C(Nc1ccccc1)c1cccc2cnccc12,O=C(Nc1ccccc1)c1cccc2cnccc12
OCNT-0497342,MEYNLPQFSDKAAL,CYP3A4_R05_OCNT-2314300,3,murcko_scaffold,O=C(Nc1ccccc1)c1ccccc1,O=C(Nc1ccccc1)c1ccccc1
OCNT-2309859,SNXACLBSLNBILH,CYP3A4_R05_OCNT-2314300,3,murcko_scaffold,O=C(Nc1ccccc1)c1ccccc1,O=C(Nc1ccccc1)c1ccccc1
OCNT-2311817,ADEBKNPZUBITBS,CYP3A4_R05_OCNT-2314300,3,murcko_scaffold,O=C(Nc1ccccc1)c1ccccc1,O=C(Nc1ccccc1)c1ccccc1
OCNT-2315748,OVGYSEOUQWUKNQ,CYP3A4_R05_OCNT-2314300,3,murcko_scaffold,O=C(Nc1ccccc1)c1ccccc1,O=C(Nc1ccccc1)c1ccccc1
OCNT-2310479,KRVFRBXSBYEUED,CYP2C9_R15_OCNT-2318117,3,murcko_scaffold,O=C(Nc1ccccn1)C1CCCN(Cc2ncn[nH]2)C1,O=C(Nc1ccccn1)C1CCCN(Cc2ncn[nH]2)C1
OCNT-2311264,KYWIQEYVDXUQTE,CYP1A2_R08_OCNT-2314402,3,murcko_scaffold,O=C(Nc1ccn(Cc2ccccc2)n1)c1ccc(Nc2ncccn2)cc1,O=C(Nc1ccn(Cc2ccccc2)n1)c1ccc(Nc2ncccn2)cc1
OCNT-2395615,OWDQVZHOEPSCRJ,CYP2C9_R02_OCNT-2312302,3,murcko_scaffold,O=C(Nc1ccncc1)c1ccc(CNC(=O)C2CCCCC2)cc1,O=C(Nc1ccncc1)c1ccc(CNC(=O)C2CCCCC2)cc1
OCNT-2395626,FJEVQIGXOVBKCK,CYP3A4_R12_OCNT-2311697,3,murcko_scaffold,O=C(Nc1ccncc1)c1ccc(CNC(=O)C2CCCCC2)cc1,O=C(Nc1ccncc1)c1ccc(CNC(=O)C2CCCCC2)cc1
OCNT-2395391,HKBFGOGEJIHOQC,CYP2C9_R02_OCNT-2312302,3,murcko_scaffold,O=C(Nc1ccncc1)c1ccccc1,O=C(Nc1ccncc1)c1ccccc1
OCNT-2395745,SHNSGVRHUGHAEL,CYP2C9_R02_OCNT-2312302,3,murcko_scaffold,O=C(Nc1ccncc1)c1ccccc1,O=C(Nc1ccncc1)c1ccccc1
OCNT-2315311,KMRXIPIOAUJDBO,CYP2C9_R23_OCNT-2312797,3,murcko_scaffold,O=C(Nc1ccon1)N1CCN(c2ncnc3sccc23)CC1,O=C(Nc1ccon1)N1CCN(c2ncnc3sccc23)CC1
OCNT-2308938,LOWTXHIWNNBQNU,CYP1A2_R14_OCNT-2317761,3,murcko_scaffold,O=C(Nc1cn[nH]c1)c1cc(-c2ccc3ccccc3c2)[nH]n1,O=C(Nc1cn[nH]c1)c1cc(-c2ccc3ccccc3c2)[nH]n1
OCNT-2310097,DKSGZKLKCPZDOE,CYP2C9_R12_OCNT-2315584,3,murcko_scaffold,O=C(Nc1cnn2cccnc12)N1CCC(c2ccccc2)CC1,O=C(Nc1cnn2cccnc12)N1CCC(c2ccccc2)CC1
OCNT-2311771,IHEPXAREJOJNRY,CYP2C9_R12_OCNT-2315584,3,murcko_scaffold,O=C(Nc1nccs1)N1CCCC1c1cn[nH]c1,O=C(Nc1nccs1)N1CCCC1c1cn[nH]c1
OCNT-2309955,KAIXLFHXPRCWAS,CYP2C9_R12_OCNT-2315584,3,murcko_scaffold,O=C(Nc1nccs1)N1CCOC(C2CCC2)C1,O=C(Nc1nccs1)N1CCOC(C2CCC2)C1
OCNT-2314279,NVQLRNPGJMCFJN,CYP2C9_R12_OCNT-2315584,3,murcko_scaffold,O=C(Nc1nccs1)N1CCc2ccccc2C1,O=C(Nc1nccs1)N1CCc2ccccc2C1
OCNT-2314207,VMQVPAMNFSTCAC,CYP2C9_R07_OCNT-2314387,3,murcko_scaffold,O=C(c1cccc2nccnc12)N1CCC(Cc2nccs2)C1,O=C(c1cccc2nccnc12)N1CCC(Cc2nccs2)C1
OCNT-2395633,BMMVJXJFLUGSEX,CYP3A4_R03_OCNT-2395274,3,murcko_scaffold,O=C(c1ccccn1)N1CCN(C2CC2)c2ccccc21,O=C(c1ccccn1)N1CCN(C2CC2)c2ccccc21
OCNT-2395304,LEMCARVFRFAHQA,CYP2C9_R24_OCNT-2315950,3,murcko_scaffold,O=C(c1ccccn1)N1CCNc2ccccc21,O=C(c1ccccn1)N1CCNc2ccccc21
OCNT-2395451,CQSWJAWKJQTGDN,CYP2C9_R24_OCNT-2315950,3,murcko_scaffold,O=C(c1ccccn1)N1CCNc2ccccc21,O=C(c1ccccn1)N1CCNc2ccccc21
OCNT-2395783,HZYLYVJGIBASSW,CYP2C9_R24_OCNT-2315950,3,murcko_scaffold,O=C(c1ccccn1)N1CCNc2ccccc21,O=C(c1ccccn1)N1CCNc2ccccc21
OCNT-2395466,RVBYSOSSNDRWFO,CYP3A4_R03_OCNT-2395274,3,murcko_scaffold,O=C(c1ccco1)N1CCN(C2CC2)c2ccccc21,O=C(c1ccco1)N1CCN(C2CC2)c2ccccc21
OCNT-2312367,UXXJEQVHPRDIRM,CYP3A4_R25_OCNT-2395447,3,murcko_scaffold,O=C(c1cccs1)N1CCCCC1c1ncc[nH]1,O=C(c1cccs1)N1CCCCC1c1ncc[nH]1
OCNT-2395287,RJJZTKVXXCCXQF,CYP3A4_R03_OCNT-2395274,3,murcko_scaffold,O=C(c1ccn[nH]1)N1CCN(C2CC2)c2ccccc21,O=C(c1ccn[nH]1)N1CCN(C2CC2)c2ccccc21
OCNT-2395432,ACNPWTRMUDDYPP,CYP2C9_R24_OCNT-2315950,3,murcko_scaffold,O=C(c1ccn[nH]1)N1CCNc2ccccc21,O=C(c1ccn[nH]1)N1CCNc2ccccc21
OCNT-2395738,ICMNNHCJCVVWEO,CYP3A4_R25_OCNT-2395447,3,murcko_scaffold,O=C(c1cnco1)N1CCCCC1c1ncc[nH]1,O=C(c1cnco1)N1CCCCC1c1ncc[nH]1
OCNT-2395798,WKSXSTRTSACGEN,CYP2C9_R24_OCNT-2315950,3,murcko_scaffold,O=C(c1csnn1)N1CCNc2ccccc21,O=C(c1csnn1)N1CCNc2ccccc21
OCNT-0460225,KERJANGCYLGSSD,CYP2C9_R14_OCNT-2310760,3,murcko_scaffold,O=C1C(=O)N(C2CCN(C(=O)c3ccccc3)CC2)CCN1Cc1ccccn1,O=C1C(=O)N(C2CCN(C(=O)c3ccccc3)CC2)CCN1Cc1ccccn1
OCNT-2313047,DDEASTSDYSMDBB,CYP1A2_R25_OCNT-0478585,3,murcko_scaffold,O=C1CCC(NC(=O)c2c3c(nc4ccccc24)CCCC3)C(=O)N1,O=C1CCC(NC(=O)c2c3c(nc4ccccc24)CCCC3)C(=O)N1
OCNT-2310759,FJRUVLPXIUVCHI,CYP2C9_R08_OCNT-2312606,3,murcko_scaffold,O=C1CCCC(CC(=O)N2CCN(C(=O)c3ccccc3)CC2)N1,O=C1CCCC(CC(=O)N2CCN(C(=O)c3ccccc3)CC2)N1
OCNT-2313052,ZZFPLIDKIPRHHB,CYP3A4_R10_OCNT-2313429,3,murcko_scaffold,O=C1CCc2cc(NS(=O)(=O)c3ccccc3)ccc2N1,O=C1CCc2cc(NS(=O)(=O)c3ccccc3)ccc2N1
OCNT-2314069,UHKRMQBELBBMBX,CYP1A2_R01_OCNT-2316568,3,murcko_scaffold,O=C1NC(=O)C(c2cccc(-c3noc(C4CCCN(C(=O)N5CCCC5)C4)n3)c2)N1,O=C1NC(=O)C(c2cccc(-c3noc(C4CCCN(C(=O)N5CCCC5)C4)n3)c2)N1
OCNT-2395446,ICZFYMYWWTWOKP,CYP3A4_R18_OCNT-2395704,3,murcko_scaffold,O=S(=O)(NC1CCCC1)c1ccccc1,O=S(=O)(NC1CCCC1)c1ccccc1
OCNT-2395363,QCADNHVJUJASRH,CYP3A4_R17_OCNT-2316432,3,murcko_scaffold,O=S(=O)(NCCN1CCOCC1)c1cccc2ccccc12,O=S(=O)(NCCN1CCOCC1)c1cccc2ccccc12
OCNT-2395342,OENNRUNZZPQSEX,CYP1A2_R09_OCNT-2315130,3,murcko_scaffold,O=S(=O)(NCc1ccccc1N1CCOCC1)c1ccccc1,O=S(=O)(NCc1ccccc1N1CCOCC1)c1ccccc1
OCNT-2308475,HCCPDJMGEYCQRE,CYP3A4_R04_OCNT-2395590,3,murcko_scaffold,O=S(=O)(Nc1cccc2[nH]ccc12)c1sccc1C1CC1,O=S(=O)(Nc1cccc2[nH]ccc12)c1sccc1C1CC1
OCNT-0496032,VORBWNVMSMVSMS,CYP2C9_R09_OCNT-2313901,3,murcko_scaffold,O=S(=O)(Nc1cccnc1)c1ccccc1,O=S(=O)(Nc1cccnc1)c1ccccc1
OCNT-2395527,IXFFHUDQCVBCGR,CYP3A4_R17_OCNT-2316432,3,murcko_scaffold,O=S(=O)(c1cccc2ccccc12)N1CCOCC1,O=S(=O)(c1cccc2ccccc12)N1CCOCC1
OCNT-2308698,MXXXXMGDCZIZBB,CYP1A2_R15_OCNT-2314977,3,murcko_scaffold,O=c1cccnn1Cc1coc(-c2ccccc2)n1,O=c1cccnn1Cc1coc(-c2ccccc2)n1
OCNT-2395547,UMYPCTYAILAMDR,CYP3A4_R15_OCNT-2395436,3,murcko_scaffold,c1cc(NCC2CCC2)ccn1,c1cc(NCC2CCC2)ccn1
OCNT-2395789,KSZUHJDXFNOZAX,CYP3A4_R15_OCNT-2395436,3,murcko_scaffold,c1cc(NCC2CCC2)ccn1,c1cc(NCC2CCC2)ccn1
OCNT-2395567,MHUOOTATOROKJY,CYP1A2_R12_OCNT-2318111,3,murcko_scaffold,c1ccc(-c2cn(CCc3ccn[nH]3)nn2)cc1,c1ccc(-c2cn(CCc3ccn[nH]3)nn2)cc1
OCNT-2395474,HRIJOSOSAQLPFO,CYP1A2_R12_OCNT-2318111,3,murcko_scaffold,c1ccc(-c2cn(Cc3nc(C4CC4)n[nH]3)nn2)cc1,c1ccc(-c2cn(Cc3nc(C4CC4)n[nH]3)nn2)cc1
OCNT-2312122,GLZRKOCNRVFUPI,CYP1A2_R12_OCNT-2318111,3,murcko_scaffold,c1ccc(-c2cn(Cc3nc4c(o3)CCCC4)nn2)cc1,c1ccc(-c2cn(Cc3nc4c(o3)CCCC4)nn2)cc1
OCNT-2395707,XERTZFVAIHWZLQ,CYP1A2_R12_OCNT-2318111,3,murcko_scaffold,c1ccc(-c2cn(Cc3ncon3)nn2)cc1,c1ccc(-c2cn(Cc3ncon3)nn2)cc1
OCNT-2310161,KGAOPTNPBILCQP,CYP2C9_R03_OCNT-2313300,3,murcko_scaffold,c1ccc(C(NCc2ccc(-n3ccnc3)cc2)c2ncc[nH]2)cc1,c1ccc(C(NCc2ccc(-n3ccnc3)cc2)c2ncc[nH]2)cc1
OCNT-2313239,QLSLQEHBFFZZSD,CYP2C9_R18_OCNT-2315528,3,murcko_scaffold,c1ccc(N2CCCC2)cc1,c1ccc(N2CCCC2)cc1
OCNT-2395697,AVVYSOUEAQUFBT,CYP3A4_R02_OCNT-2312554,3,murcko_scaffold,c1ccc(N2CCCCC2)nc1,c1ccc(N2CCCCC2)nc1
OCNT-2395497,HWCUEKLVUOSNQX,CYP2C9_R05_OCNT-2317181,3,murcko_scaffold,c1ccc(N2CCNCC2)cc1,c1ccc(N2CCNCC2)cc1
OCNT-2311806,YYJSEZIUTAVANJ,CYP3A4_R15_OCNT-2395436,3,murcko_scaffold,c1ccc(NCC2CCC2)cc1,c1ccc(NCC2CCC2)cc1
OCNT-2395349,YRMMBKQHNCTVGH,CYP3A4_R15_OCNT-2395436,3,murcko_scaffold,c1ccc(NCC2CCC2)cc1,c1ccc(NCC2CCC2)cc1
OCNT-2395425,ZJLLBTBHUADMQS,CYP3A4_R15_OCNT-2395436,3,murcko_scaffold,c1ccc(NCC2CCC2)cc1,c1ccc(NCC2CCC2)cc1
OCNT-2395440,LBDZFZHERWVMSY,CYP3A4_R15_OCNT-2395436,3,murcko_scaffold,c1ccc(NCC2CCC2)cc1,c1ccc(NCC2CCC2)cc1
OCNT-2395543,RUNGUEZWZTVFCU,CYP3A4_R15_OCNT-2395436,3,murcko_scaffold,c1ccc(NCC2CCC2)cc1,c1ccc(NCC2CCC2)cc1
OCNT-2395657,POCLNLWTOQIVLU,CYP3A4_R15_OCNT-2395436,3,murcko_scaffold,c1ccc(NCC2CCC2)cc1,c1ccc(NCC2CCC2)cc1
OCNT-2395784,CXGASDCRJCPHNM,CYP3A4_R15_OCNT-2395436,3,murcko_scaffold,c1ccc(NCC2CCC2)cc1,c1ccc(NCC2CCC2)cc1
OCNT-0495157,JZFPYUNJRRFVQU,CYP1A2_R13_OCNT-2311797,3,murcko_scaffold,c1ccc(Nc2ccccn2)cc1,c1ccc(Nc2ccccn2)cc1
OCNT-2328546,OGHNVEJMJSYVRP,CYP1A2_R20_OCNT-0018684,3,murcko_scaffold,c1ccc(OCCNCCCOc2cccc3[nH]c4ccccc4c23)cc1,c1ccc(OCCNCCCOc2cccc3[nH]c4ccccc4c23)cc1
OCNT-0497478,MTBWFZLNRWUGNK,CYP1A2_R25_OCNT-0478585,3,murcko_scaffold,c1ccc2nc3c(cc2c1)CCC3,c1ccc2nc3c(cc2c1)CCC3
OCNT-0497323,FTIUOGWFBBKQAY,CYP1A2_R18_OCNT-2315212,3,murcko_scaffold,c1cncc(-c2nc(NCc3cccs3)c3ccccc3n2)c1,c1cncc(-c2nc(NCc3cccs3)c3ccccc3n2)c1
OCNT-2318569,VRFQISMUCTWNIV,CYP1A2_R18_OCNT-2315212,3,murcko_scaffold,c1cncc(C2CCCN2c2nc(-c3ccncc3)nc3ccccc23)c1,c1cncc(C2CCCN2c2nc(-c3ccncc3)nc3ccccc23)c1
OCNT-2314962,UXPDAXCXFZTAEN,CYP3A4_R18_OCNT-2395704,4,murcko_scaffold,C=C1CCN(C(=O)NCc2ccc(S(=O)(=O)NC3CC3)cc2)CC1,C=C1CCN(C(=O)NCc2ccc(S(=O)(=O)NC3CC3)cc2)CC1
OCNT-2309126,WOGQCARQKBERFP,CYP3A4_R14_OCNT-2309351,4,murcko_scaffold,O=C(CC1(N2CCOCC2)CCCC1)NCc1ccccn1,O=C(CC1(N2CCOCC2)CCCC1)NCc1ccccn1
OCNT-2316697,FMZDTWSZRNKGID,CYP3A4_R11_OCNT-2309844,4,murcko_scaffold,O=C(CC1CCC1)Nc1ccccc1,O=C(CC1CCC1)Nc1ccccc1
OCNT-2314763,PXEMWOAWSRNDKZ,CYP1A2_R09_OCNT-2315130,4,murcko_scaffold,O=C(CC1CCCC1)NC1CCC(C(=O)NCc2ccncc2)CC1,O=C(CC1CCCC1)NC1CCC(C(=O)NCc2ccncc2)CC1
OCNT-2313432,RPEOWZNKUYHPIC,CYP1A2_R07_OCNT-2313198,4,murcko_scaffold,O=C(CCC1NC(=O)NC1=O)NCc1coc(-c2ccccc2)n1,O=C(CCC1NC(=O)NC1=O)NCc1coc(-c2ccccc2)n1
OCNT-0455102,ROWWNDRRIMYREO,CYP1A2_R03_OCNT-2310368,4,murcko_scaffold,O=C(CCCN1C(=O)c2ccccc2C1=O)NCc1nc(-c2ccccc2)no1,O=C(CCCN1C(=O)c2ccccc2C1=O)NCc1nc(-c2ccccc2)no1
OCNT-0479409,UTYDQDSAZKFWMS,CYP1A2_R23_OCNT-2317285,4,murcko_scaffold,O=C(CCCc1ccccc1)N1CCN(c2ccccc2)CC1,O=C(CCCc1ccccc1)N1CCN(c2ccccc2)CC1
OCNT-2395539,BPADRNNGDARJRJ,CYP3A4_R07_OCNT-2395424,4,murcko_scaffold,O=C(CCCc1nnc(-c2ccccc2)o1)N1CCCc2ccccc21,O=C(CCCc1nnc(-c2ccccc2)o1)N1CCCc2ccccc21
OCNT-2314795,WBCFEEVPPONADX,CYP2C9_R03_OCNT-2313300,4,murcko_scaffold,O=C(CCc1ccccc1)Nc1ccc(-n2ccnc2)nc1,O=C(CCc1ccccc1)Nc1ccc(-n2ccnc2)nc1
OCNT-2314688,ULOBBAQXDYDAIA,CYP3A4_R07_OCNT-2395424,4,murcko_scaffold,O=C(CCc1ccncn1)N1CCCc2ccccc21,O=C(CCc1ccncn1)N1CCCc2ccccc21
OCNT-2309492,YRYCNCAAIQZHCQ,CYP2C9_R01_OCNT-2315972,4,murcko_scaffold,O=C(CCc1nc(-c2nnc[nH]2)no1)N1CCCC1c1ccccc1,O=C(CCc1nc(-c2nnc[nH]2)no1)N1CCCC1c1ccccc1
OCNT-2317538,UPXGGHRKRPLSDF,CYP3A4_R07_OCNT-2395424,4,murcko_scaffold,O=C(CCc1nc(C2CCCC2)no1)N1CCCc2ccccc21,O=C(CCc1nc(C2CCCC2)no1)N1CCCc2ccccc21
OCNT-2318241,HUMZAECDVMKEFK,CYP2C9_R22_OCNT-2310562,4,murcko_scaffold,O=C(CCn1c(=O)[nH]c2ccccc21)NCc1ccc(C(=O)N2CCOCC2)cc1,O=C(CCn1c(=O)[nH]c2ccccc21)NCc1ccc(C(=O)N2CCOCC2)cc1
OCNT-2316966,KYICLBKPBDUCOF,CYP2C9_R12_OCNT-2315584,4,murcko_scaffold,O=C(CCn1ccccc1=O)N1CCC(c2ccncc2)CC1,O=C(CCn1ccccc1=O)N1CCC(c2ccncc2)CC1
OCNT-2310824,CFCGQLSDFTVXKM,CYP1A2_R10_OCNT-2308998,4,murcko_scaffold,O=C(CN1CCCC1c1ccccc1)Nc1ccccc1,O=C(CN1CCCC1c1ccccc1)Nc1ccccc1
OCNT-2310023,GJHOQPYBMAKJRB,CYP2C9_R05_OCNT-2317181,4,murcko_scaffold,O=C(CN1CCN(c2ccccc2)CC1)Nc1ccccc1,O=C(CN1CCN(c2ccccc2)CC1)Nc1ccccc1
OCNT-2310801,QKIICPDXFBIHFL,CYP2C9_R05_OCNT-2317181,4,murcko_scaffold,O=C(CN1CCN(c2ccccn2)CC1)Nc1ccc2cn[nH]c2c1,O=C(CN1CCN(c2ccccn2)CC1)Nc1ccc2cn[nH]c2c1
OCNT-2314349,NRCJMMNOZIJRIM,CYP1A2_R14_OCNT-2317761,4,murcko_scaffold,O=C(CNC(=O)c1ccc2[nH]ncc2c1)Nc1ccccc1,O=C(CNC(=O)c1ccc2[nH]ncc2c1)Nc1ccccc1
OCNT-2309846,FGUQAYRHKXYOTM,CYP1A2_R02_OCNT-2317954,4,murcko_scaffold,O=C(CNC(=O)c1ccccc1)Nc1ccc(Cn2ccnc2)cc1,O=C(CNC(=O)c1ccccc1)Nc1ccc(Cn2ccnc2)cc1
OCNT-2395616,KPQNCOJHCNBSCU,CYP3A4_R23_OCNT-2395731,4,murcko_scaffold,O=C(CSc1nc2ccccc2c2ncnn12)N1CCCCC1,O=C(CSc1nc2ccccc2c2ncnn12)N1CCCCC1
OCNT-2315121,DDBVVOVNSRWTJU,CYP2C9_R11_OCNT-2309809,4,murcko_scaffold,O=C(Cc1c[nH]c2ccccc12)N1CCCC1,O=C(Cc1c[nH]c2ccccc12)N1CCCC1
OCNT-2311998,DEGIHGBFUSEICZ,CYP2C9_R22_OCNT-2310562,4,murcko_scaffold,O=C(Cc1ccccc1)NCc1ccc2ccoc2c1,O=C(Cc1ccccc1)NCc1ccc2ccoc2c1
OCNT-2310555,NOCBHRIGICTARN,CYP3A4_R02_OCNT-2312554,4,murcko_scaffold,O=C(Cc1n[nH]c(=O)c2ccccc12)NCc1ccnc(-n2ccnc2)c1,O=C(Cc1n[nH]c(=O)c2ccccc12)NCc1ccnc(-n2ccnc2)c1
OCNT-2316070,JGORGCVKTVDGCF,CYP1A2_R01_OCNT-2316568,4,murcko_scaffold,O=C(NC1CCC1)c1cccc(Cn2ccnc2)c1,O=C(NC1CCC1)c1cccc(Cn2ccnc2)c1
OCNT-2313698,YHTUZAYNHYDMMU,CYP2C9_R25_OCNT-2313981,4,murcko_scaffold,O=C(NC1CCCOc2ccccc21)c1cc[nH]n1,O=C(NC1CCCOc2ccccc21)c1cc[nH]n1
OCNT-2317866,IZTKMBZGNDQRAV,CYP2C9_R20_OCNT-2312486,4,murcko_scaffold,O=C(NC1CCN(C(=O)C2CCCCC2)C1)c1ccccc1,O=C(NC1CCN(C(=O)C2CCCCC2)C1)c1ccccc1
OCNT-2308710,WHDFCOKAEBTKOH,CYP2C9_R14_OCNT-2310760,4,murcko_scaffold,O=C(NC1CCN(C(=O)c2ccccc2)CC1)c1ccccc1,O=C(NC1CCN(C(=O)c2ccccc2)CC1)c1ccccc1
OCNT-2309813,RVBHNRAKASJYTB,CYP1A2_R17_OCNT-2316906,4,murcko_scaffold,O=C(NC1CCN(c2ccccc2)C1)c1cnn2cccnc12,O=C(NC1CCN(c2ccccc2)C1)c1cnn2cccnc12
OCNT-2312961,DUADTXCVWFPPIL,CYP1A2_R22_OCNT-2310153,4,murcko_scaffold,O=C(NC1CCN(c2ccccn2)C1)c1ccccc1,O=C(NC1CCN(c2ccccn2)C1)c1ccccc1
OCNT-2317646,SVQWAVSVLIDPKU,CYP3A4_R14_OCNT-2309351,4,murcko_scaffold,O=C(NCC1(N2CCOCC2)CCC1)c1ccncc1,O=C(NCC1(N2CCOCC2)CCC1)c1ccncc1
OCNT-2316758,GYOKOBMVGURQDD,CYP3A4_R14_OCNT-2309351,4,murcko_scaffold,O=C(NCC1(N2CCSCC2)CCCC1)c1ccccn1,O=C(NCC1(N2CCSCC2)CCCC1)c1ccccn1
OCNT-2315844,WNJZMKTVARMZJN,CYP1A2_R07_OCNT-2313198,4,murcko_scaffold,O=C(NCC1(c2ccccc2)CCCO1)c1nnc(-c2ccccc2)o1,O=C(NCC1(c2ccccc2)CCCO1)c1nnc(-c2ccccc2)o1
OCNT-2311918,LLUZHZALVKLRDA,CYP2C9_R18_OCNT-2315528,4,murcko_scaffold,O=C(NCC1CCN(c2ccccc2)C1)N1CCCCC1,O=C(NCC1CCN(c2ccccc2)C1)N1CCCCC1
OCNT-2395663,AZHXIZBFCJDPTB,CYP3A4_R22_OCNT-2311117,4,murcko_scaffold,O=C(NCC1CCNCC1)C1CC1,O=C(NCC1CCNCC1)C1CC1
OCNT-2395671,FWDPBSHOGVZHJC,CYP3A4_R22_OCNT-2311117,4,murcko_scaffold,O=C(NCC1CCNCC1)C1CC1,O=C(NCC1CCNCC1)C1CC1
OCNT-2395417,WGZYAWPDCLTPSI,CYP3A4_R22_OCNT-2311117,4,murcko_scaffold,O=C(NCC1CCNCC1)C1CCC1,O=C(NCC1CCNCC1)C1CCC1
OCNT-2395555,SXXPSQHXVBZGFB,CYP3A4_R09_OCNT-2395674,4,murcko_scaffold,O=C(NCCS(=O)(=O)Nc1ccccn1)Nc1ccn(-c2ccccc2)n1,O=C(NCCS(=O)(=O)Nc1ccccn1)Nc1ccn(-c2ccccc2)n1
OCNT-2311821,LVSAKEJGXFJLJG,CYP3A4_R08_OCNT-2312145,4,murcko_scaffold,O=C(NCCc1ccccc1)NCc1ccccc1,O=C(NCCc1ccccc1)NCc1ccccc1
OCNT-0482558,KICVPDBXBQZHJU,CYP3A4_R16_OCNT-2310606,4,murcko_scaffold,O=C(NCCc1ccccc1)c1ccc2c(c1)nc1n2CCCC1,O=C(NCCc1ccccc1)c1ccc2c(c1)nc1n2CCCC1
OCNT-0482580,WFYASAYYRRLYFU,CYP3A4_R16_OCNT-2310606,4,murcko_scaffold,O=C(NCCc1ccccc1)c1ccc2c(c1)nc1n2CCCC1,O=C(NCCc1ccccc1)c1ccc2c(c1)nc1n2CCCC1
OCNT-0482584,MCLKMFFVUMBCRO,CYP3A4_R16_OCNT-2310606,4,murcko_scaffold,O=C(NCCc1ccccc1)c1ccc2c(c1)nc1n2CCCC1,O=C(NCCc1ccccc1)c1ccc2c(c1)nc1n2CCCC1
OCNT-0482088,LZBUDKAHPSUILT,CYP1A2_R03_OCNT-2310368,4,murcko_scaffold,O=C(NCCc1cnc(-c2ccccc2)s1)c1ccccc1,O=C(NCCc1cnc(-c2ccccc2)s1)c1ccccc1
OCNT-0482096,POLTVCNWIBRBIN,CYP1A2_R24_OCNT-2311592,4,murcko_scaffold,O=C(NCCc1cnc(-c2ccccc2)s1)c1ccccc1,O=C(NCCc1cnc(-c2ccccc2)s1)c1ccccc1
OCNT-0482118,IBPPVGKCKDVPIG,CYP1A2_R03_OCNT-2310368,4,murcko_scaffold,O=C(NCCc1cnc(-c2ccccc2)s1)c1ccccc1,O=C(NCCc1cnc(-c2ccccc2)s1)c1ccccc1
OCNT-0482120,MPGFBRXEZSHDFS,CYP1A2_R03_OCNT-2310368,4,murcko_scaffold,O=C(NCCc1cnc(-c2ccccc2)s1)c1ccccc1,O=C(NCCc1cnc(-c2ccccc2)s1)c1ccccc1
OCNT-0482148,ISQHNTAKNWDIFN,CYP1A2_R24_OCNT-2311592,4,murcko_scaffold,O=C(NCCc1cnc(-c2ccccc2)s1)c1ccccc1,O=C(NCCc1cnc(-c2ccccc2)s1)c1ccccc1
OCNT-2310674,FLYOLZFPQYWAFT,CYP3A4_R16_OCNT-2310606,4,murcko_scaffold,O=C(NCCc1cnn(-c2ccccc2)c1)c1ccn[nH]1,O=C(NCCc1cnn(-c2ccccc2)c1)c1ccn[nH]1
OCNT-0462986,LGCWDIWVCFEGNE,CYP1A2_R06_OCNT-2312418,4,murcko_scaffold,O=C(NCCc1csc(-c2ccccc2)n1)C1CCCN1C(=O)COc1ccccc1,O=C(NCCc1csc(-c2ccccc2)n1)C1CCCN1C(=O)COc1ccccc1
OCNT-2310610,HZNBGOJIRVQVMT,CYP1A2_R03_OCNT-2310368,4,murcko_scaffold,O=C(NCCc1nc(-c2ccccc2)n[nH]1)c1ccc(=O)[nH]c1,O=C(NCCc1nc(-c2ccccc2)n[nH]1)c1ccc(=O)[nH]c1
OCNT-2395581,SLCOTPVWQGJWIY,CYP2C9_R17_OCNT-2309935,4,murcko_scaffold,O=C(NCc1cc2n(n1)CCCC2)C1CCC(OCC2CCC2)CC1,O=C(NCc1cc2n(n1)CCCC2)C1CCC(OCC2CCC2)CC1
OCNT-2314182,IVCDGKPHARCRJC,CYP3A4_R08_OCNT-2312145,4,murcko_scaffold,O=C(NCc1ccc(-c2ccccc2)cc1)c1ccncn1,O=C(NCc1ccc(-c2ccccc2)cc1)c1ccncn1
OCNT-2310627,YFUROBGDXNFDCC,CYP3A4_R01_OCNT-2310988,4,murcko_scaffold,O=C(NCc1ccc(-n2ccnc2)cc1)C1CCNCC1,O=C(NCc1ccc(-n2ccnc2)cc1)C1CCNCC1
OCNT-2311621,VHKOXEATTOABCX,CYP3A4_R01_OCNT-2310988,4,murcko_scaffold,O=C(NCc1ccc(-n2ccnc2)cc1)c1ccc2ccccc2n1,O=C(NCc1ccc(-n2ccnc2)cc1)c1ccc2ccccc2n1
OCNT-2310440,QYQRNOKPPBKPEE,CYP2C9_R02_OCNT-2312302,4,murcko_scaffold,O=C(NCc1ccc(-n2ccnc2)cc1)c1cccc(NC(=O)c2ccccc2)c1,O=C(NCc1ccc(-n2ccnc2)cc1)c1cccc(NC(=O)c2ccccc2)c1
OCNT-2318340,DOQJOKBIOMCLJC,CYP3A4_R01_OCNT-2310988,4,murcko_scaffold,O=C(NCc1ccc(-n2ccnc2)cc1)c1ccccc1,O=C(NCc1ccc(-n2ccnc2)cc1)c1ccccc1
OCNT-2317879,GEIDIRGYDXGKAI,CYP2C9_R22_OCNT-2310562,4,murcko_scaffold,O=C(NCc1ccc(C(=O)N2CCNCC2)cc1)c1cccc2ccncc12,O=C(NCc1ccc(C(=O)N2CCNCC2)cc1)c1cccc2ccncc12
OCNT-2311340,QVLONCRSZCBUNW,CYP2C9_R22_OCNT-2310562,4,murcko_scaffold,O=C(NCc1ccc2occc2c1)N1CCN(Cc2ccccc2)CC1,O=C(NCc1ccc2occc2c1)N1CCN(Cc2ccccc2)CC1
OCNT-2309368,UNXHWBNUCBKFTR,CYP2C9_R02_OCNT-2312302,4,murcko_scaffold,O=C(NCc1cccc(C2NC(=O)NC2=O)c1)Nc1ccc(-c2ccncc2)cc1,O=C(NCc1cccc(C2NC(=O)NC2=O)c1)Nc1ccc(-c2ccncc2)cc1
OCNT-2308854,SXDCQGPXENGXSP,CYP1A2_R02_OCNT-2317954,4,murcko_scaffold,O=C(NCc1cccc(Cn2ccnc2)c1)c1cn2ccccc2n1,O=C(NCc1cccc(Cn2ccnc2)c1)c1cn2ccccc2n1
OCNT-2313807,SQJMMPMDMDJGMZ,CYP2C9_R22_OCNT-2310562,4,murcko_scaffold,O=C(NCc1ccccc1)C1(c2ccccc2)CCCO1,O=C(NCc1ccccc1)C1(c2ccccc2)CCCO1
OCNT-2310461,COFKGHPLSNWTDM,CYP1A2_R19_OCNT-2308635,4,murcko_scaffold,O=C(NCc1ccccc1)C1CCn2ccnc2C1,O=C(NCc1ccccc1)C1CCn2ccnc2C1
OCNT-2317841,VQFKXIXXWKFPFJ,CYP3A4_R12_OCNT-2311697,4,murcko_scaffold,O=C(NCc1ccccc1)N1CCCC1Cc1ccccc1,O=C(NCc1ccccc1)N1CCCC1Cc1ccccc1
OCNT-2318022,NGLQWYBBWZPWAG,CYP2C9_R20_OCNT-2312486,4,murcko_scaffold,O=C(NCc1ccccc1)NC1CCCN(c2ccccc2)C1,O=C(NCc1ccccc1)NC1CCCN(c2ccccc2)C1
OCNT-2312921,ZIGNJPLWUJFGKO,CYP1A2_R01_OCNT-2316568,4,murcko_scaffold,O=C(NCc1ccccc1)c1cccc(Cn2ccnc2)c1,O=C(NCc1ccccc1)c1cccc(Cn2ccnc2)c1
OCNT-2311175,LOHPAHJRSDGXHU,CYP2C9_R21_OCNT-2317914,4,murcko_scaffold,O=C(NCc1ccccc1)c1ccnc(N2CCOCC2)n1,O=C(NCc1ccccc1)c1ccnc(N2CCOCC2)n1
OCNT-0456022,CJZYOXYZIUAOHK,CYP1A2_R09_OCNT-2315130,4,murcko_scaffold,O=C(NCc1cccnc1)C(=O)c1cn(CC(=O)N2CCOCC2)c2ccccc12,O=C(NCc1cccnc1)C(=O)c1cn(CC(=O)N2CCOCC2)c2ccccc12
OCNT-2314717,OSTWVWUINOEZHS,CYP3A4_R11_OCNT-2309844,4,murcko_scaffold,O=C(NCc1cccnc1)N1CCCC(n2ccnc2)C1,O=C(NCc1cccnc1)N1CCCC(n2ccnc2)C1
OCNT-2395444,PEVSJIALOQACCU,CYP3A4_R06_OCNT-2395727,4,murcko_scaffold,O=C(NCc1cccnc1)c1ccc(S(=O)(=O)Nc2ccccc2)cc1,O=C(NCc1cccnc1)c1ccc(S(=O)(=O)Nc2ccccc2)cc1
OCNT-2318184,BJPFWDUUOUASTR,CYP3A4_R06_OCNT-2395727,4,murcko_scaffold,O=C(NCc1cccnc1)c1cccc(NS(=O)(=O)c2ccccc2)c1,O=C(NCc1cccnc1)c1cccc(NS(=O)(=O)c2ccccc2)c1
OCNT-2395415,FVXLSWCXTDUJFQ,CYP3A4_R06_OCNT-2395727,4,murcko_scaffold,O=C(NCc1cccnc1)c1ccccc1,O=C(NCc1cccnc1)c1ccccc1
OCNT-2395443,TVTPOERDJDYHCW,CYP3A4_R06_OCNT-2395727,4,murcko_scaffold,O=C(NCc1cccnc1)c1ccccc1,O=C(NCc1cccnc1)c1ccccc1
OCNT-2395526,MDSCGAYNORUSAZ,CYP3A4_R06_OCNT-2395727,4,murcko_scaffold,O=C(NCc1cccnc1)c1ccccc1,O=C(NCc1cccnc1)c1ccccc1
OCNT-2395545,FYLPHAGAZIRQRL,CYP3A4_R06_OCNT-2395727,4,murcko_scaffold,O=C(NCc1cccnc1)c1ccccc1,O=C(NCc1cccnc1)c1ccccc1
OCNT-2316303,WJSGRZXGMIBXIR,CYP3A4_R16_OCNT-2310606,4,murcko_scaffold,O=C(NCc1ccn(-c2ccccc2)n1)c1ccccc1,O=C(NCc1ccn(-c2ccccc2)n1)c1ccccc1
OCNT-2317157,PGGFMAVEISSGQG,CYP1A2_R10_OCNT-2308998,4,murcko_scaffold,O=C(NCc1cnn[nH]1)c1cncc(-c2ccccc2)c1,O=C(NCc1cnn[nH]1)c1cncc(-c2ccccc2)c1
OCNT-2316560,KYICTTNXSVXRGU,CYP2C9_R04_OCNT-2316040,4,murcko_scaffold,O=C(N[C@H]1CCC(Cn2ccnc2)C1)c1ccn2nncc2c1,O=C(N[C@H]1CCC(Cn2ccnc2)C1)c1ccn2nncc2c1
OCNT-0493664,BRZANEXCSZCZCI,CYP3A4_R24_OCNT-2311092,4,murcko_scaffold,O=C(Nc1c[nH]n(-c2ccccc2)c1=O)c1cccnc1,O=C(Nc1c[nH]n(-c2ccccc2)c1=O)c1cccnc1
OCNT-2312382,VHIULUXMPVVLQW,CYP1A2_R04_OCNT-2313567,4,murcko_scaffold,O=C(Nc1c[nH]nc1-c1ccccn1)c1n[nH]c2ccccc12,O=C(Nc1c[nH]nc1-c1ccccn1)c1n[nH]c2ccccc12
OCNT-2313638,ZZMUEMSIAZDSCB,CYP2C9_R21_OCNT-2317914,4,murcko_scaffold,O=C(Nc1cc(N2CCNCC2)ccn1)c1ccccn1,O=C(Nc1cc(N2CCNCC2)ccn1)c1ccccn1
OCNT-2395435,DXLJVPKHMCRJMN,CYP2C9_R23_OCNT-2312797,4,murcko_scaffold,O=C(Nc1cc2n(n1)CCCC2)c1cccc(=O)[nH]1,O=C(Nc1cc2n(n1)CCCC2)c1cccc(=O)[nH]1
OCNT-2395689,HLGONRSHXFEINO,CYP2C9_R23_OCNT-2312797,4,murcko_scaffold,O=C(Nc1cc2n(n1)CCCC2)c1ccccc1,O=C(Nc1cc2n(n1)CCCC2)c1ccccc1
OCNT-2395693,KABBEWDXVKIGSN,CYP2C9_R23_OCNT-2312797,4,murcko_scaffold,O=C(Nc1cc2n(n1)CCCC2)c1ccccc1,O=C(Nc1cc2n(n1)CCCC2)c1ccccc1
OCNT-2316726,IAPQKELLCZVBPB,CYP1A2_R17_OCNT-2316906,4,murcko_scaffold,O=C(Nc1cc[nH]n1)c1ccn(-c2ccccc2)n1,O=C(Nc1cc[nH]n1)c1ccn(-c2ccccc2)n1
OCNT-2316583,SPRLTYFEFFYAKP,CYP2C9_R19_OCNT-2308674,4,murcko_scaffold,O=C(Nc1ccc2[nH]c(-c3ccncc3)nc2c1)c1ccccc1,O=C(Nc1ccc2[nH]c(-c3ccncc3)nc2c1)c1ccccc1
OCNT-2316721,YVLRYYJNSUZEGJ,CYP3A4_R11_OCNT-2309844,4,murcko_scaffold,O=C(Nc1ccc2ncsc2c1)N1CCCC(c2ccncn2)C1,O=C(Nc1ccc2ncsc2c1)N1CCCC(c2ccncn2)C1
OCNT-2315667,BKSHJYAEWVGUJX,CYP1A2_R10_OCNT-2308998,4,murcko_scaffold,O=C(Nc1cccc(-c2ccncc2)c1)c1ccccc1,O=C(Nc1cccc(-c2ccncc2)c1)c1ccccc1
OCNT-2310463,JOKFLBUKTHIUOP,CYP1A2_R05_OCNT-2310298,4,murcko_scaffold,O=C(Nc1cccc(-c2ncco2)c1)c1cnccn1,O=C(Nc1cccc(-c2ncco2)c1)c1cnccn1
OCNT-2314222,DRWGVCFKZYRZIO,CYP1A2_R14_OCNT-2317761,4,murcko_scaffold,O=C(Nc1cccc(-c2nnc[nH]2)c1)c1cnc2n[nH]cc2c1,O=C(Nc1cccc(-c2nnc[nH]2)c1)c1cnc2n[nH]cc2c1
OCNT-2315030,JAHCDTOPQPDPHN,CYP1A2_R04_OCNT-2313567,4,murcko_scaffold,O=C(Nc1cccc2cccnc12)c1ccc(-c2ccccn2)[nH]c1=O,O=C(Nc1cccc2cccnc12)c1ccc(-c2ccccn2)[nH]c1=O
OCNT-2312510,LRGZQHARSMWCIS,CYP2C9_R05_OCNT-2317181,4,murcko_scaffold,O=C(Nc1ccccc1)NC1CCN(c2ccnc(-c3ccncc3)n2)CC1,O=C(Nc1ccccc1)NC1CCN(c2ccnc(-c3ccncc3)n2)CC1
OCNT-2313201,QBHTVIYYTSWUEG,CYP1A2_R08_OCNT-2314402,4,murcko_scaffold,O=C(Nc1ccccc1)Nc1ccn(Cc2ccccc2)n1,O=C(Nc1ccccc1)Nc1ccn(Cc2ccccc2)n1
OCNT-2317688,ADCRROSQMSVSQW,CYP1A2_R10_OCNT-2308998,4,murcko_scaffold,O=C(Nc1ccccc1)c1cccc(-c2ncn[nH]2)c1,O=C(Nc1ccccc1)c1cccc(-c2ncn[nH]2)c1
OCNT-2313241,YRRHXQBCLVLMPM,CYP1A2_R11_OCNT-2313625,4,murcko_scaffold,O=C(Nc1ccccc1)c1cccc(Nc2cnccn2)c1,O=C(Nc1ccccc1)c1cccc(Nc2cnccn2)c1
OCNT-2310878,QNTYSVXEXCRUEK,CYP1A2_R11_OCNT-2313625,4,murcko_scaffold,O=C(Nc1ccccc1)c1ccccn1,O=C(Nc1ccccc1)c1ccccn1
OCNT-2310036,YUSOQWDLAGAIHW,CYP1A2_R07_OCNT-2313198,4,murcko_scaffold,O=C(Nc1ccccc1)c1coc(-c2ccccc2)n1,O=C(Nc1ccccc1)c1coc(-c2ccccc2)n1
OCNT-2317467,HAUTWPJDAGPWES,CYP2C9_R25_OCNT-2313981,4,murcko_scaffold,O=C(Nc1cccnc1)C1NCCOc2ccccc21,O=C(Nc1cccnc1)C1NCCOc2ccccc21
OCNT-2311200,NVPSOSIRMJDRPU,CYP3A4_R05_OCNT-2314300,4,murcko_scaffold,O=C(Nc1cccnc1)c1cc[nH]c(=O)c1,O=C(Nc1cccnc1)c1cc[nH]c(=O)c1
OCNT-2317350,ZSZXTJMURYXMSU,CYP2C9_R21_OCNT-2317914,4,murcko_scaffold,O=C(Nc1cccnc1N1CCOCC1)c1cccs1,O=C(Nc1cccnc1N1CCOCC1)c1cccs1
OCNT-2312545,MLGXXJFHUPBCHN,CYP1A2_R17_OCNT-2316906,4,murcko_scaffold,O=C(Nc1ccn(-c2ccccc2)n1)[C@@H]1COCCO1,O=C(Nc1ccn(-c2ccccc2)n1)[C@@H]1COCCO1
OCNT-2318356,MNCYFKHFXZGDCK,CYP1A2_R08_OCNT-2314402,4,murcko_scaffold,O=C(Nc1ccn(Cc2ccncc2)n1)NC1CCC1,O=C(Nc1ccn(Cc2ccncc2)n1)NC1CCC1
OCNT-2310977,IGPQJBRCRUOAGN,CYP3A4_R12_OCNT-2311697,4,murcko_scaffold,O=C(Nc1ccncc1)N1CCC[C@H]2CNC[C@H]21,O=C(Nc1ccncc1)N1CCC[C@H]2CNC[C@H]21
OCNT-2318278,NADPQXATXMIYFF,CYP2C9_R07_OCNT-2314387,4,murcko_scaffold,O=C(Nc1ccncn1)N1CCC(Cc2ccccc2)CC1,O=C(Nc1ccncn1)N1CCC(Cc2ccccc2)CC1
OCNT-2314450,HVIJOBHTSPWXFX,CYP2C9_R10_OCNT-2311787,4,murcko_scaffold,O=C(Nc1cn[nH]c1)c1cc(-c2ccccc2)nc2ccccc12,O=C(Nc1cn[nH]c1)c1cc(-c2ccccc2)nc2ccccc12
OCNT-2316781,IUWJSOWCLUIAFA,CYP1A2_R02_OCNT-2317954,4,murcko_scaffold,O=C(Nc1cnc2c(c1)CCCC2)c1cccc(Cn2ccnc2)c1,O=C(Nc1cnc2c(c1)CCCC2)c1cccc(Cn2ccnc2)c1
OCNT-2314143,LWTRMLLALRRQTO,CYP3A4_R24_OCNT-2311092,4,murcko_scaffold,O=C(Nc1cnn(-c2ccccc2)c1)c1ccc2[nH]cnc2c1,O=C(Nc1cnn(-c2ccccc2)c1)c1ccc2[nH]cnc2c1
OCNT-2313865,NIYULIQCZVFWLR,CYP3A4_R11_OCNT-2309844,4,murcko_scaffold,O=C(Nc1cnn(Cc2ccccc2)c1)N1CCC(n2ccnc2)CC1,O=C(Nc1cnn(Cc2ccccc2)c1)N1CCC(n2ccnc2)CC1
OCNT-2314324,XPHNDQLBIHZZOS,CYP1A2_R02_OCNT-2317954,4,murcko_scaffold,O=C(Nc1nccs1)c1cccc(S(=O)(=O)N2CCOCC2)c1,O=C(Nc1nccs1)c1cccc(S(=O)(=O)N2CCOCC2)c1
OCNT-2313948,BZVHKYBWSDLONO,CYP1A2_R04_OCNT-2313567,4,murcko_scaffold,O=C(Nc1nnc(-c2ccccn2)s1)c1ccccc1,O=C(Nc1nnc(-c2ccccn2)s1)c1ccccc1
OCNT-2328565,SESFRYSPDFLNCH,CYP1A2_R21_OCNT-2328316,4,murcko_scaffold,O=C(OCc1ccccc1)c1ccccc1,O=C(OCc1ccccc1)c1ccccc1
OCNT-2328962,MOZDKDIOPSPTBH,CYP1A2_R21_OCNT-2328316,4,murcko_scaffold,O=C(OCc1ccccc1)c1ccccc1,O=C(OCc1ccccc1)c1ccccc1
OCNT-2316441,LFYAZSYJXZDHFQ,CYP3A4_R03_OCNT-2395274,4,murcko_scaffold,O=C(c1cc(-c2ccco2)[nH]n1)N1CCN(C2CC2)c2ccccc21,O=C(c1cc(-c2ccco2)[nH]n1)N1CCN(C2CC2)c2ccccc21
OCNT-2395280,VKLDISFNRAPLRT,CYP3A4_R25_OCNT-2395447,4,murcko_scaffold,O=C(c1cc2ncccc2o1)N1CCCCC1c1ncc[nH]1,O=C(c1cc2ncccc2o1)N1CCCCC1c1ncc[nH]1
OCNT-2311498,DAMIWXAGOOFFCB,CYP2C9_R07_OCNT-2314387,4,murcko_scaffold,O=C(c1cc[nH]n1)N1CCC(Cc2ccccc2)CC1,O=C(c1cc[nH]n1)N1CCC(Cc2ccccc2)CC1
OCNT-2309243,OKRBQLXCTWVFIO,CYP2C9_R03_OCNT-2313300,4,murcko_scaffold,O=C(c1ccc(-n2ccnc2)cc1)N1CCCCC1,O=C(c1ccc(-n2ccnc2)cc1)N1CCCCC1
OCNT-2316998,GRHZJBLCVLGTBX,CYP3A4_R07_OCNT-2395424,4,murcko_scaffold,O=C(c1cccnc1)N1CCCCc2ccccc21,O=C(c1cccnc1)N1CCCCc2ccccc21
OCNT-2308706,LPAPGSISEAYHFM,CYP3A4_R02_OCNT-2312554,4,murcko_scaffold,O=C(c1ccnc(-n2ccnc2)c1)N1CCC(c2ncccn2)CC1,O=C(c1ccnc(-n2ccnc2)c1)N1CCC(c2ncccn2)CC1
OCNT-2317280,OMQDGDIDGWFKFW,CYP2C9_R25_OCNT-2313981,4,murcko_scaffold,O=C(c1ccnc(C2CC2)c1)N1CCOc2ccccc21,O=C(c1ccnc(C2CC2)c1)N1CCOc2ccccc21
OCNT-2395445,CDBUNSVKISKPRX,CYP3A4_R25_OCNT-2395447,4,murcko_scaffold,O=C(c1cn[nH]n1)N1CCCCC1c1ncc[nH]1,O=C(c1cn[nH]n1)N1CCCCC1c1ncc[nH]1
OCNT-2308554,JHNSUBHCHVVGQI,CYP3A4_R03_OCNT-2395274,4,murcko_scaffold,O=C(c1cnc2ccccn2c1=O)N1CCN(C2CC2)c2ccccc21,O=C(c1cnc2ccccn2c1=O)N1CCN(C2CC2)c2ccccc21
OCNT-2308550,JCVYGXQQGUWEBI,CYP2C9_R13_OCNT-2315368,4,murcko_scaffold,O=C(c1nn[nH]c1NC(=O)N1CCCC1c1nc2ccccc2[nH]1)N1CCCC1,O=C(c1nn[nH]c1NC(=O)N1CCCC1c1nc2ccccc2[nH]1)N1CCCC1
OCNT-2395384,DEFBGBDDASRAKK,CYP3A4_R19_OCNT-2311187,4,murcko_scaffold,O=S(=O)(NCCc1cccc2ccccc12)c1ccccc1,O=S(=O)(NCCc1cccc2ccccc12)c1ccccc1
OCNT-2395485,PKNCAOVUKGGXJT,CYP3A4_R19_OCNT-2311187,4,murcko_scaffold,O=S(=O)(NCCc1cccc2ccccc12)c1ccccc1,O=S(=O)(NCCc1cccc2ccccc12)c1ccccc1
OCNT-2395548,WOULMLSTCVMSPN,CYP3A4_R19_OCNT-2311187,4,murcko_scaffold,O=S(=O)(NCCc1cccc2ccccc12)c1ccccc1,O=S(=O)(NCCc1cccc2ccccc12)c1ccccc1
OCNT-2395644,FNIGLKBHRGLAIU,CYP3A4_R19_OCNT-2311187,4,murcko_scaffold,O=S(=O)(NCCc1cccc2ccccc12)c1ccccc1,O=S(=O)(NCCc1cccc2ccccc12)c1ccccc1
OCNT-2395722,MYNFOXRYOYFFSJ,CYP3A4_R19_OCNT-2311187,4,murcko_scaffold,O=S(=O)(NCCc1cccc2ccccc12)c1ccccc1,O=S(=O)(NCCc1cccc2ccccc12)c1ccccc1
OCNT-2395724,CGZZWDBHJRTXFY,CYP3A4_R19_OCNT-2311187,4,murcko_scaffold,O=S(=O)(NCCc1cccc2ccccc12)c1ccccc1,O=S(=O)(NCCc1cccc2ccccc12)c1ccccc1
OCNT-2395728,QNWUVTGQJNNIGN,CYP3A4_R19_OCNT-2311187,4,murcko_scaffold,O=S(=O)(NCCc1cccc2ccccc12)c1ccccc1,O=S(=O)(NCCc1cccc2ccccc12)c1ccccc1
OCNT-2309232,MKUCLUPMYFFFGY,CYP3A4_R21_OCNT-2395511,4,murcko_scaffold,O=S(=O)(Nc1c[nH]nc1-c1ccco1)c1cnn(C2CCC2)c1,O=S(=O)(Nc1c[nH]nc1-c1ccco1)c1cnn(C2CCC2)c1
OCNT-2395382,IESKIIPQTZZPPE,CYP3A4_R04_OCNT-2395590,4,murcko_scaffold,O=S(=O)(Nc1cccc2nccnc12)c1sccc1C1CC1,O=S(=O)(Nc1cccc2nccnc12)c1sccc1C1CC1
OCNT-2395498,ZEFQTTZQITUPDD,CYP3A4_R21_OCNT-2395511,4,murcko_scaffold,O=S(=O)(Nc1cccnc1)c1cnn(C2CCCC2)c1,O=S(=O)(Nc1cccnc1)c1cnn(C2CCCC2)c1
OCNT-2395309,TXJZXCYMSCFYJB,CYP3A4_R21_OCNT-2395511,4,murcko_scaffold,O=S(=O)(Nc1nccnc1C1CC1)c1cnn(C2CCC2)c1,O=S(=O)(Nc1nccnc1C1CC1)c1cnn(C2CCC2)c1
OCNT-2395392,SIYDVVCGLDGNGG,CYP2C9_R17_OCNT-2309935,4,murcko_scaffold,c1c(CSc2nncn2C2CC2)nn2c1CCCC2,c1c(CSc2nncn2C2CC2)nn2c1CCCC2
OCNT-2395470,DYQMZWJGNHQRSM,CYP1A2_R12_OCNT-2318111,4,murcko_scaffold,c1ccc(-c2cn(Cc3cc(C4CC4)no3)nn2)cc1,c1ccc(-c2cn(Cc3cc(C4CC4)no3)nn2)cc1
OCNT-2395488,LNYDBAPUCWZEDQ,CYP1A2_R12_OCNT-2318111,4,murcko_scaffold,c1ccc(-c2cn(Cc3cc[nH]n3)nn2)cc1,c1ccc(-c2cn(Cc3cc[nH]n3)nn2)cc1
OCNT-2308470,RQGVCACJTCSQTN,CYP1A2_R12_OCNT-2318111,4,murcko_scaffold,c1ccc(-c2cn(Cc3nccs3)nn2)cc1,c1ccc(-c2cn(Cc3nccs3)nn2)cc1
OCNT-2314559,BRLCJROZNOOQAY,CYP1A2_R18_OCNT-2315212,4,murcko_scaffold,c1ccc(-c2nc(N3CCOC(CNc4cccnn4)C3)nc3ccccc23)cc1,c1ccc(-c2nc(N3CCOC(CNc4cccnn4)C3)nc3ccccc23)cc1
OCNT-0478597,WKRCOZSCENDENK,CYP1A2_R05_OCNT-2310298,4,murcko_scaffold,c1ccc(-c2nc3ccccc3s2)cc1,c1ccc(-c2nc3ccccc3s2)cc1
OCNT-0493997,KLWWLRRDDYPSEM,CYP1A2_R05_OCNT-2310298,4,murcko_scaffold,c1ccc(-c2nc3ccccc3s2)cc1,c1ccc(-c2nc3ccccc3s2)cc1
OCNT-2309162,KACFGRDACMIPRI,CYP1A2_R23_OCNT-2317285,4,murcko_scaffold,c1ccc(CC2CCNC2)cc1,c1ccc(CC2CCNC2)cc1
OCNT-2316772,ANZVCZAGMVDWPV,CYP1A2_R03_OCNT-2310368,4,murcko_scaffold,c1ccc(CCc2nc(-c3ccccc3)no2)cc1,c1ccc(CCc2nc(-c3ccccc3)no2)cc1
OCNT-2311985,NJERGYGFXSOKSW,CYP1A2_R08_OCNT-2314402,4,murcko_scaffold,c1ccc(Cn2cc(-c3cccnc3)nn2)cc1,c1ccc(Cn2cc(-c3cccnc3)nn2)cc1
OCNT-2311387,QNTHWRNJSZFTQQ,CYP2C9_R16_OCNT-2310262,4,murcko_scaffold,c1ccc(N2CCN(c3ccc4cccnc4n3)CC2)nc1,c1ccc(N2CCN(c3ccc4cccnc4n3)CC2)nc1
OCNT-2315805,FBOWIAGTHUDLQI,CYP2C9_R18_OCNT-2315528,4,murcko_scaffold,c1ccc(NCC2CCN(c3ccncc3)C2)nc1,c1ccc(NCC2CCN(c3ccncc3)C2)nc1
OCNT-2314127,ZWKPLPQOZQTTCU,CYP2C9_R04_OCNT-2316040,4,murcko_scaffold,c1ccc(N[C@H]2CCC(Cn3cccn3)C2)nc1,c1ccc(N[C@H]2CCC(Cn3cccn3)C2)nc1
OCNT-2315622,BBTVLMOJYYJLAN,CYP2C9_R04_OCNT-2316040,4,murcko_scaffold,c1ccc2[nH]c(CN[C@H]3CCC(Cn4ccnc4)C3)cc2c1,c1ccc2[nH]c(CN[C@H]3CCC(Cn4ccnc4)C3)cc2c1
OCNT-0495039,QIVBCDIJIAJPQS,CYP2C9_R11_OCNT-2309809,4,murcko_scaffold,c1ccc2[nH]ccc2c1,c1ccc2[nH]ccc2c1
OCNT-2395475,SCSDUOORQIDAPE,CYP3A4_R23_OCNT-2395731,4,murcko_scaffold,c1ccc2c(c1)nc(SCc1ncon1)n1ncnc21,c1ccc2c(c1)nc(SCc1ncon1)n1ncnc21
OCNT-2328688,XJGFWWJLMVZSIG,CYP1A2_R25_OCNT-0478585,4,murcko_scaffold,c1ccc2nc3ccccc3cc2c1,c1ccc2nc3ccccc3cc2c1
OCNT-0497451,DRPQDKIQVZBZQF,CYP1A2_R18_OCNT-2315212,4,murcko_scaffold,c1cncc(-c2nc(NCC3CCCO3)c3ccccc3n2)c1,c1cncc(-c2nc(NCC3CCCO3)c3ccccc3n2)c1
OCNT-2314637,AJCDYTGJIVDHJR,CYP1A2_R18_OCNT-2315212,4,murcko_scaffold,c1cncc(-c2nc3c(c(N4CCNCC4)n2)CCC3)c1,c1cncc(-c2nc3c(c(N4CCNCC4)n2)CCC3)c1
